municipality,year,payt,svc_type,hh_total,hh_trash,hh_recycling,trash_tons,recyc_tons,bulky_incl,lbs_hh_yr,coverage
Abington,2021,0,Curbside,6669.0,4604.0,4600.0,4413.84,1566.98,1,1917.393570807993,0.6903583745689009
Acton,2021,1,Drop-off,10439.0,3761.0,4305.0,2099.63,,1,1116.527519276788,0.36028355206437396
Acushnet,2021,0,Curbside,3812.0,3812.0,3812.0,3574.78,912.18,0,1875.5403987408185,1.0
Agawam,2021,0,Curbside,12187.0,8912.0,8912.0,7149.0,2293.0,0,1604.3536804308796,0.7312710265036514
Amesbury,2021,0,Curbside,5643.0,5443.0,5443.0,4885.6,1832.32,1,1795.1864780451956,0.9645578592947014
Andover,2021,0,Curbside,11493.0,9009.0,9009.0,10639.0,3326.0,1,2361.860361860362,0.7838684416601409
Aquinnah,2021,1,Drop-off,400.0,250.0,250.0,113.0,86.0,0,904.0,0.625
Arlington,2021,0,Curbside,20311.0,20311.0,20311.0,12414.0,5538.0,1,1222.3918073950076,1.0
Ashfield,2021,1,Drop-off,717.0,517.0,517.0,282.06,,0,1091.1411992263056,0.7210599721059973
Ashland,2021,1,Curbside,6326.0,5956.0,5956.0,3045.67,1979.57,1,1022.7233042310276,0.9415112235219728
Attleboro,2021,1,Curbside,15020.0,14416.0,14416.0,9979.98,4632.21,1,1384.569922308546,0.9597869507323569
Auburn,2021,0,Curbside,7406.0,5185.0,5185.0,4672.67,1288.74,0,1802.3799421407907,0.7001080205238995
Avon,2021,0,Curbside,1486.0,1454.0,1454.0,1571.9,420.83,0,2162.1733149931224,0.9784656796769852
Ayer,2021,1,Drop-off,3300.0,1321.0,1321.0,708.35,243.15,1,1072.445117335352,0.4003030303030303
Barnstable,2021,0,Drop-off,23772.0,9271.0,9271.0,9232.0,0.0,0,1991.586668104843,0.3899966346962813
Barre,2021,1,Drop-off,2124.0,919.0,919.0,613.65,,1,1335.4733405875952,0.4326741996233522
Becket,2021,1,Drop-off,1950.0,1950.0,1950.0,393.14,,0,403.2205128205128,1.0
Bedford,2021,0,Curbside,6394.0,4639.0,4639.0,3970.39,1448.64,1,1711.7439103255012,0.7255239286831404
Belmont,2021,0,Curbside,9810.0,9810.0,9810.0,6269.91,2968.5,1,1278.269113149847,1.0
Berlin,2021,0,Drop-off,1589.0,841.0,841.0,655.0,,1,1557.6694411414983,0.5292636878539962
Bernardston,2021,1,Drop-off,803.0,650.0,650.0,341.58,,0,1051.0153846153846,0.8094645080946451
Beverly,2021,0,Curbside,18200.0,13075.0,13075.0,12024.2,,1,1839.265774378585,0.7184065934065934
Billerica,2021,0,Curbside,15294.0,13654.0,13654.0,13163.0,4331.0,1,1928.0796836091988,0.8927684059108147
Blackstone,2021,0,Curbside,3573.0,3573.0,3573.0,2599.23,,0,1454.928631402183,1.0
Blandford,2021,0,Drop-off,900.0,300.0,300.0,178.76,0.0,0,1191.7333333333333,0.3333333333333333
Bolton,2021,1,Drop-off,1980.0,1980.0,1980.0,673.53,13.22,1,680.3333333333334,1.0
Boston,2021,0,Curbside,322000.0,272500.0,272500.0,204600.0,38717.0,1,1501.651376146789,0.8462732919254659
Bourne,2021,0,Both,8169.0,8169.0,8169.0,6165.99,7821.72,0,1509.6070510466398,1.0
Boxborough,2021,0,Drop-off,2028.0,996.0,996.0,893.59,324.57,1,1794.3574297188754,0.4911242603550296
Boxford,2021,1,Curbside,3118.0,2956.0,3118.0,1833.0,1060.0,0,1240.1894451962112,0.9480436177036562
Braintree,2021,0,Both,12300.0,10619.0,10619.0,12407.95,3168.74,1,2336.9337979094075,0.8633333333333333
Brewster,2021,1,Drop-off,7147.0,3777.0,3777.0,1213.31,,0,642.4728620598358,0.5284734853784805
Brockton,2021,1,Curbside,29368.0,26425.0,26425.0,27846.0,8537.0,1,2107.5496688741723,0.8997888858621629
Brookfield,2021,1,Drop-off,949.0,605.0,605.0,455.78,161.08,0,1506.7107438016528,0.6375131717597471
Brookline,2021,1,Curbside,24436.0,14547.0,14547.0,8599.5,4790.0,1,1182.3056300268097,0.5953101980684237
Buckland,2021,1,Drop-off,683.0,620.0,620.0,241.42,,0,778.7741935483871,0.9077598828696926
Burlington,2021,0,Curbside,7250.0,7055.0,7055.0,6036.22,2332.0,1,1711.1892274982283,0.973103448275862
Cambridge,2021,0,Curbside,50000.0,32500.0,44700.0,13881.0,8965.0,1,854.2153846153847,0.65
Canton,2021,0,Curbside,7432.0,7432.0,7432.0,6884.97,2035.79,1,1852.7906350914961,1.0
Carlisle,2021,0,Drop-off,2029.0,1939.0,1939.0,1831.94,,1,1889.5719443011862,0.9556431739773288
Charlemont,2021,1,Drop-off,471.0,440.0,440.0,147.29,,0,669.5,0.9341825902335457
Chatham,2021,0,Drop-off,5873.0,3160.0,3160.0,5070.0,316.62,1,3208.8607594936707,0.5380555082581304
Chelmsford,2021,0,Curbside,13564.0,12733.0,12733.0,10744.63,3361.62,1,1687.682400062829,0.9387348864641699
Cheshire,2021,1,Drop-off,1358.0,829.0,829.0,481.14,,0,1160.7720144752714,0.6104565537555229
Chester,2021,1,Drop-off,502.0,283.0,283.0,160.3,,0,1132.8621908127209,0.5637450199203188
Chesterfield,2021,1,Drop-off,554.0,208.0,208.0,142.98,,0,1374.8076923076924,0.37545126353790614
Chicopee,2021,1,Curbside,24320.0,18925.0,18925.0,12241.51,4407.61,0,1293.6866578599736,0.7781661184210527
Chilmark,2021,1,Drop-off,873.0,350.0,350.0,96.0,80.0,0,548.5714285714286,0.4009163802978236
Clinton,2021,1,Curbside,4543.0,4278.0,4278.0,2485.14,1046.17,0,1161.8232819074333,0.9416685009905349
Cohasset,2021,1,Drop-off,3338.0,3181.0,3181.0,1419.41,0.0,0,892.4300534423137,0.9529658478130617
Colrain,2021,1,Drop-off,679.0,645.0,645.0,252.52,,0,783.0077519379845,0.9499263622974963
Concord,2021,1,Curbside,5500.0,3616.0,3700.0,2504.8,0.0,0,1385.3982300884957,0.6574545454545454
Conway,2021,0,Drop-off,659.0,640.0,640.0,437.39,,0,1366.84375,0.9711684370257967
Cummington,2021,1,Drop-off,423.0,293.0,293.0,131.64,,0,898.5665529010239,0.6926713947990544
Danvers,2021,0,Both,15468.0,7674.0,7674.0,6773.61,,1,1765.340109460516,0.4961210240496509
Dartmouth,2021,1,Both,11563.0,10172.0,10172.0,5703.35,0.0,0,1121.3822257176564,0.8797024993513795
Dedham,2021,0,Curbside,8270.0,8270.0,8270.0,6683.18,2692.86,1,1616.2466747279323,1.0
Deerfield,2021,1,Drop-off,1774.0,1285.0,1285.0,526.79,,0,819.9066147859922,0.7243517474633596
Dennis,2021,0,Drop-off,14404.0,7267.0,7938.0,3870.0,,0,1065.0887573964496,0.5045126353790613
Dighton,2021,1,Curbside,2909.0,2809.0,2809.0,1798.43,686.71,0,1280.4770380918476,0.9656239257476796
Douglas,2021,0,Drop-off,3220.0,1337.0,1337.0,1145.0,,0,1712.7898279730741,0.4152173913043478
Dover,2021,0,Drop-off,2142.0,2142.0,2142.0,1080.0,0.0,0,1008.4033613445379,1.0
Dracut,2021,0,Curbside,12304.0,10710.0,10770.0,10627.0,3082.0,1,1984.500466853408,0.8704486345903771
Dunstable,2021,1,Curbside,1116.0,342.0,342.0,185.53,112.72,0,1084.970760233918,0.3064516129032258
Duxbury,2021,1,Drop-off,6361.0,5816.0,5816.0,2653.0,,0,912.3108665749656,0.914321647539695
East Bridgewater,2021,1,Both,4466.0,2917.0,2917.0,3059.0,913.0,1,2097.360301679808,0.6531571876399462
East Longmeadow,2021,1,Curbside,5700.0,5700.0,5700.0,3765.3,,0,1321.157894736842,1.0
Eastham,2021,0,Drop-off,5686.0,3894.0,3894.0,3383.43,,0,1737.7657935285054,0.6848399577910658
Edgartown,2021,1,Drop-off,3518.0,2000.0,2000.0,975.0,670.0,0,975.0,0.5685048322910745
Egremont,2021,0,Drop-off,835.0,835.0,835.0,422.17,,0,1011.185628742515,1.0
Erving,2021,0,Curbside,588.0,588.0,588.0,222.67,,0,757.3809523809524,1.0
Fairhaven,2021,0,Curbside,6820.0,6561.0,6561.0,5516.0,1583.27,1,1681.4509983234263,0.9620234604105572
Fall River,2021,0,Both,36884.0,31461.0,31461.0,28895.23,9926.0,1,1836.8920250468834,0.8529714781477064
Falmouth,2021,0,Both,25000.0,21000.0,21000.0,12562.11,3326.06,0,1196.3914285714286,0.84
Florida,2021,0,Drop-off,350.0,191.0,191.0,269.38,,0,2820.7329842931936,0.5457142857142857
Framingham,2021,0,Both,26284.0,18445.0,18445.0,19548.0,5301.55,1,2119.5988072648415,0.7017577233297824
Franklin,2021,0,Curbside,10125.0,9702.0,9702.0,7367.42,3014.36,1,1518.7425273139559,0.9582222222222222
Freetown,2021,1,Both,3481.0,2785.0,2785.0,1603.0,,0,1151.1669658886894,0.800057454754381
Gardner,2021,0,Both,7319.0,6759.0,6759.0,4222.73,1342.02,0,1249.5132416037875,0.9234868151386801
Gill,2021,1,Curbside,514.0,514.0,514.0,180.61,,0,702.7626459143969,1.0
Gloucester,2021,1,Curbside,13900.0,13500.0,13500.0,7312.78,3335.86,1,1083.3748148148147,0.9712230215827338
Goshen,2021,1,Drop-off,559.0,250.0,250.0,140.29,,0,1122.32,0.4472271914132379
Grafton,2021,1,Curbside,6285.0,4854.0,4854.0,3663.12,1844.49,1,1509.3201483312732,0.7723150357995227
Granville,2021,1,Drop-off,562.0,450.0,500.0,76.03,,0,337.9111111111111,0.800711743772242
Greenfield,2021,1,Both,5202.0,5048.0,5048.0,3741.0,,1,1482.1711568938194,0.9703960015378701
Groton,2021,1,Drop-off,3922.0,1490.0,3922.0,243.49,,0,326.8322147651007,0.37990821009688935
Hadley,2021,1,Drop-off,2226.0,2226.0,547.0,248.94,0.0,0,223.66576819407007,1.0
Halifax,2021,1,Curbside,3013.0,2583.0,3013.0,704.13,311.51,1,545.2032520325204,0.8572850979090607
Hamilton,2021,1,Curbside,2674.0,2674.0,2674.0,1460.9,1042.1,1,1092.6701570680627,1.0
Hampden,2021,1,Drop-off,1887.0,664.0,664.0,242.0,,0,728.9156626506024,0.35188129305776367
Hancock,2021,0,Drop-off,315.0,250.0,250.0,241.91,,0,1935.28,0.7936507936507936
Hanson,2021,1,Drop-off,3794.0,2200.0,2200.0,754.16,293.08,1,685.6,0.5798629414865577
Harvard,2021,1,Drop-off,1987.0,1250.0,1250.0,627.62,,0,1004.192,0.6290890790135883
Harwich,2021,0,Drop-off,10255.0,5535.0,5535.0,4955.0,,0,1790.4245709123759,0.5397367137981472
Haverhill,2021,0,Curbside,21300.0,20928.0,20928.0,21847.0,5300.0,1,2087.8249235474004,0.9825352112676057
Heath,2021,1,Drop-off,379.0,343.0,343.0,137.53,,0,801.9241982507289,0.9050131926121372
Hingham,2021,0,Drop-off,7977.0,7977.0,7977.0,6150.48,,0,1542.0534035351636,1.0
Hinsdale,2021,1,Drop-off,743.0,619.0,619.0,325.58,,0,1051.9547657512117,0.8331090174966352
Holden,2021,0,Curbside,7759.0,6074.0,6074.0,4994.0,1895.23,0,1644.385907145209,0.7828328392834129
Holliston,2021,1,Curbside,5204.0,4841.0,4841.0,3661.0,1760.0,1,1512.497417888866,0.9302459646425826
Holyoke,2021,0,Both,16200.0,9950.0,9950.0,7330.77,880.35,0,1473.521608040201,0.6141975308641975
Huntington,2021,1,Drop-off,954.0,445.0,445.0,330.84,,0,1486.9213483146068,0.46645702306079667
Ipswich,2021,1,Curbside,6414.0,5067.0,5169.0,3160.88,1759.29,1,1247.633708308664,0.7899906454630495
Kingston,2021,0,Drop-off,4459.0,3700.0,3750.0,3055.36,,0,1651.545945945946,0.8297824624355237
Lakeville,2021,1,Drop-off,4827.0,1551.0,1551.0,565.07,0.0,0,728.6524822695036,0.3213175885643257
Lawrence,2021,0,Curbside,35113.0,26020.0,26020.0,30985.06,4800.0,1,2381.634127594158,0.7410360835018369
Leverett,2021,1,Drop-off,719.0,653.0,653.0,175.8,,0,538.43797856049,0.9082058414464534
Lexington,2021,0,Curbside,11832.0,11507.0,11618.0,8965.0,3670.0,1,1558.1819761884071,0.9725321162947937
Lincoln,2021,0,Drop-off,1934.0,1934.0,1934.0,877.0,349.0,1,906.9286452947259,1.0
Littleton,2021,1,Drop-off,3131.0,1750.0,1750.0,619.89,,0,708.4457142857143,0.5589268604279782
Longmeadow,2021,1,Curbside,5779.0,5534.0,5534.0,3474.0,,0,1255.5113841705818,0.9576051219934245
Lowell,2021,0,Curbside,38000.0,25000.0,25000.0,26312.94,6830.16,0,2105.0352,0.6578947368421053
Ludlow,2021,1,Both,7177.0,7100.0,7100.0,5239.0,,1,1475.774647887324,0.9892712832659886
Lunenburg,2021,1,Curbside,4292.0,3644.0,4292.0,1856.67,958.53,0,1019.0285400658616,0.8490214352283317
Lynn,2021,0,Curbside,33122.0,27000.0,27000.0,29670.35,7610.52,1,2197.803703703704,0.8151681661735403
Lynnfield,2021,0,Curbside,4590.0,4350.0,4350.0,4758.55,1179.98,1,2187.8390804597702,0.9477124183006536
Malden,2021,1,Curbside,25000.0,17100.0,17100.0,12189.55,3956.1,1,1425.6783625730993,0.684
Manchester,2021,1,Both,2407.0,2407.0,2407.0,980.24,1090.0,1,814.4910677191525,1.0
Mansfield,2021,0,Curbside,8239.0,6831.0,6831.0,5138.0,2399.0,0,1504.3185477968086,0.829105473965287
Marblehead,2021,0,Both,8000.0,8000.0,8000.0,4668.04,2022.88,0,1167.01,1.0
Marlborough,2021,0,Both,12000.0,12000.0,12000.0,9351.31,3157.52,0,1558.5516666666667,1.0
Marshfield,2021,1,Both,9794.0,9680.0,9680.0,6231.0,3087.0,1,1287.396694214876,0.9883602205431897
Mashpee,2021,0,Drop-off,10886.0,4451.0,4960.0,3511.57,,0,1577.8791282857785,0.4088737828403454
Mattapoisett,2021,0,Both,3600.0,3600.0,3600.0,2294.0,823.73,0,1274.4444444444443,1.0
Maynard,2021,1,Curbside,4912.0,4150.0,4150.0,2222.71,1037.99,1,1071.1855421686746,0.8448697068403909
Medfield,2021,0,Drop-off,4455.0,3550.0,3550.0,2802.0,914.97,1,1578.5915492957747,0.7968574635241302
Medford,2021,0,Curbside,23016.0,19500.0,19500.0,16568.0,5693.0,0,1699.2820512820513,0.8472367049009385
Medway,2021,1,Both,4485.0,4192.0,4192.0,3840.32,1549.9,1,1832.2137404580153,0.9346711259754737
Melrose,2021,0,Curbside,12349.0,8900.0,8900.0,7426.0,2737.0,1,1668.7640449438202,0.7207061300510162
Merrimac,2021,1,Curbside,3178.0,1233.0,1895.0,650.76,585.86,1,1055.5717761557178,0.3879798615481435
Methuen,2021,0,Both,17907.0,14739.0,14739.0,20536.0,2722.0,1,2786.6205305651674,0.8230859440442285
Middleborough,2021,0,Both,7406.0,6545.0,6545.0,5373.0,1796.0,0,1641.8640183346065,0.8837429111531191
Middlefield,2021,0,Drop-off,278.0,178.0,178.0,115.54,,0,1298.2022471910113,0.6402877697841727
Milford,2021,0,Curbside,11500.0,9000.0,9000.0,11000.0,,1,2444.4444444444443,0.782608695652174
Millbury,2021,0,Drop-off,5338.0,3542.0,3542.0,3600.0,1092.0,1,2032.7498588368153,0.6635443986511802
Millis,2021,1,Drop-off,3803.0,3803.0,3803.0,421.69,,0,221.76702603207994,1.0
Milton,2021,1,Curbside,9555.0,8937.0,9395.0,6922.93,3304.95,1,1549.273805527582,0.9353218210361067
Monroe,2021,0,Curbside,73.0,73.0,73.0,56.41,4.35,0,1545.4794520547946,1.0
Monson,2021,0,Curbside,2932.0,2857.0,2827.0,2539.96,21.51,1,1778.0609030451521,0.9744201909959073
Montague,2021,1,Curbside,2629.0,2629.0,2629.0,1375.15,,0,1046.1392164321035,1.0
Monterey,2021,0,Drop-off,902.0,600.0,600.0,265.97,,0,886.5666666666667,0.6651884700665188
Mount Washington,2021,0,Drop-off,159.0,159.0,159.0,40.35,,0,507.54716981132077,1.0
Nahant,2021,0,Curbside,1350.0,1350.0,1350.0,1121.46,439.6,1,1661.4222222222222,1.0
Nantucket,2021,0,Drop-off,8952.0,8952.0,8952.0,6691.66,,1,1495.0089365504914,1.0
Natick,2021,1,Curbside,13560.0,10680.0,10680.0,6084.0,4562.0,1,1139.3258426966293,0.7876106194690266
Needham,2021,1,Drop-off,8413.0,5400.0,5400.0,3255.0,364.0,1,1205.5555555555557,0.6418637822417687
New Bedford,2021,0,Curbside,38888.0,36394.0,36394.0,32467.85,6985.06,0,1784.2419080068144,0.9358671055338408
New Marlborough,2021,0,Drop-off,940.0,435.0,435.0,244.5,63.06,0,1124.1379310344828,0.4627659574468085
New Salem,2021,1,Drop-off,428.0,225.0,225.0,148.76,,0,1322.3111111111111,0.5257009345794392
Newbury,2021,1,Drop-off,2937.0,2349.0,2349.0,884.26,,0,752.8820774797787,0.7997957099080695
Newburyport,2021,0,Curbside,10346.0,7748.0,7748.0,5682.94,2288.14,1,1466.9437274135262,0.7488884593079451
Newton,2021,0,Curbside,31500.0,28500.0,28500.0,18183.17,9159.98,1,1276.0119298245613,0.9047619047619048
Norfolk,2021,1,Drop-off,3870.0,1264.0,1264.0,538.24,,0,851.6455696202531,0.32661498708010334
North Adams,2021,1,Drop-off,5366.0,5366.0,5366.0,4897.0,,1,1825.1956764815504,1.0
North Andover,2021,0,Curbside,11914.0,8326.0,8326.0,7973.0,3418.0,1,1915.205380735047,0.6988416988416989
North Attleborough,2021,1,Both,10327.0,8889.0,8924.0,5330.14,2813.26,1,1199.2665091686354,0.860753364965624
North Brookfield,2021,1,Drop-off,2024.0,1900.0,1900.0,700.0,50.0,1,736.8421052631579,0.9387351778656127
North Reading,2021,0,Curbside,5370.0,4462.0,4462.0,4506.0,944.03,1,2019.7220977140296,0.8309124767225325
Northborough,2021,1,Curbside,5955.0,5002.0,5002.0,2165.76,988.87,1,865.9576169532187,0.8399664147774979
Northfield,2021,1,Drop-off,1152.0,811.0,811.0,438.06,,0,1080.2959309494452,0.7039930555555556
Norwell,2021,1,Curbside,3683.0,3571.0,3571.0,2791.56,1544.62,1,1563.4612153458415,0.9695900081455335
Norwood,2021,0,Curbside,13389.0,9647.0,9647.0,6673.34,4199.0,0,1383.5057530838603,0.7205168421838823
Oak Bluffs,2021,1,Both,4081.0,3050.0,4081.0,795.0,,0,521.311475409836,0.7473658417054644
Orange,2021,1,Drop-off,2489.0,1223.0,1223.0,543.0,,0,887.9803761242846,0.49136199276818
Orleans,2021,0,Drop-off,5362.0,3825.0,3825.0,1841.0,0.0,0,962.6143790849674,0.7133532264080567
Otis,2021,0,Drop-off,1750.0,1200.0,1200.0,616.2,,0,1027.0,0.6857142857142857
Paxton,2021,0,Curbside,1599.0,1599.0,1599.0,1529.0,,0,1912.4452782989367,1.0
Peabody,2021,0,Curbside,17363.0,14000.0,14000.0,16558.29,,1,2365.47,0.8063122732246731
Pembroke,2021,0,Curbside,6568.0,6568.0,6568.0,6016.3,1900.23,1,1832.0036540803899,1.0
Pepperell,2021,1,Drop-off,4052.0,1432.0,1503.0,802.64,,0,1121.0055865921788,0.35340572556762095
Peru,2021,1,Drop-off,380.0,335.0,335.0,176.39,,0,1053.0746268656717,0.881578947368421
Petersham,2021,1,Drop-off,500.0,201.0,294.0,209.82,,1,2087.7611940298507,0.402
Phillipston,2021,1,Drop-off,817.0,350.0,350.0,185.64,,0,1060.8,0.4283965728274174
Pittsfield,2021,0,Curbside,18000.0,16700.0,16700.0,17906.28,,1,2144.4646706586827,0.9277777777777778
Plainfield,2021,1,Drop-off,308.0,197.0,197.0,91.81,,0,932.0812182741116,0.6396103896103896
Plainville,2021,1,Curbside,4051.0,2287.0,2287.0,1560.0,754.12,0,1364.2326191517272,0.5645519624784004
Plympton,2021,0,Drop-off,1200.0,835.0,835.0,703.13,,0,1684.1437125748503,0.6958333333333333
Provincetown,2021,0,Curbside,2560.0,2560.0,2560.0,2712.0,1158.0,1,2118.75,1.0
Quincy,2021,0,Curbside,45000.0,33500.0,33500.0,32395.0,5440.0,1,1934.0298507462687,0.7444444444444445
Randolph,2021,0,Curbside,12260.0,9533.0,9533.0,11233.0,2838.0,1,2356.6558271268227,0.7775693311582381
Reading,2021,0,Curbside,8895.0,8293.0,8293.0,7310.06,2773.13,1,1762.9470637887375,0.9323215289488477
Revere,2021,0,Curbside,24200.0,20500.0,20500.0,17458.06,3591.43,1,1703.2253658536586,0.8471074380165289
Rochester,2021,0,Curbside,2008.0,2008.0,2008.0,1988.3,464.72,0,1980.3784860557769,1.0
Rockland,2021,0,Curbside,5468.0,5075.0,5075.0,4591.0,1287.0,0,1809.2610837438424,0.9281272860277981
Rockport,2021,1,Drop-off,4941.0,3230.0,3230.0,2135.91,,1,1322.5448916408668,0.6537138231127302
Rowe,2021,1,Drop-off,215.0,198.0,198.0,102.7,,0,1037.3737373737374,0.9209302325581395
Royalston,2021,1,Drop-off,566.0,390.0,390.0,162.2,,0,831.7948717948718,0.6890459363957597
Russell,2021,1,Drop-off,563.0,427.0,427.0,250.9,,0,1175.175644028103,0.7584369449378331
Salem,2021,0,Curbside,21050.0,17050.0,17050.0,12074.99,3823.87,1,1416.4211143695015,0.8099762470308789
Sandwich,2021,1,Drop-off,8500.0,5500.0,5000.0,2736.0,,0,994.9090909090909,0.6470588235294118
Saugus,2021,0,Curbside,10662.0,8758.0,8758.0,9565.51,2052.15,1,2184.405115323133,0.8214218720690302
Savoy,2021,1,Drop-off,295.0,165.0,165.0,106.8,,0,1294.5454545454545,0.559322033898305
Scituate,2021,1,Drop-off,7920.0,5491.0,5491.0,3337.0,,0,1215.4434529229648,0.6933080808080808
Seekonk,2021,1,Curbside,5330.0,5032.0,5032.0,3059.55,1276.47,0,1216.0373608903021,0.9440900562851783
Sharon,2021,1,Curbside,6703.0,5440.0,5440.0,4522.38,2304.06,0,1662.639705882353,0.8115769058630464
Sheffield,2021,0,Drop-off,1674.0,900.0,910.0,589.47,,0,1309.9333333333334,0.5376344086021505
Shelburne,2021,1,Drop-off,608.0,510.0,510.0,257.1,,0,1008.2352941176472,0.8388157894736842
Sherborn,2021,0,Drop-off,1489.0,1489.0,1489.0,1602.18,,1,2152.0214909335123,1.0
Shirley,2021,0,Curbside,2510.0,1700.0,1700.0,1199.45,357.65,0,1411.1176470588234,0.6772908366533864
Shrewsbury,2021,1,Curbside,13089.0,10175.0,10175.0,6417.15,,1,1261.3562653562653,0.7773703109481244
Shutesbury,2021,1,Curbside,884.0,884.0,884.0,340.02,,0,769.2760180995475,1.0
Somerset,2021,1,Both,6944.0,6944.0,6944.0,4054.95,,1,1167.9003456221199,1.0
Somerville,2021,0,Curbside,28000.0,26250.0,26250.0,18302.07,7268.43,0,1394.4434285714285,0.9375
South Hadley,2021,1,Both,6500.0,6500.0,6500.0,2916.81,,1,897.48,1.0
Southampton,2021,1,Drop-off,2314.0,948.0,948.0,559.13,0.0,0,1179.5991561181434,0.4096802074330164
Southbridge,2021,0,Curbside,7303.0,6587.0,6587.0,4962.49,1337.39,0,1506.7526947016852,0.9019580994112009
Southwick,2021,0,Drop-off,3565.0,2175.0,2203.0,2202.0,,0,2024.8275862068965,0.6100981767180925
Spencer,2021,1,Drop-off,3796.0,1605.0,1605.0,1250.16,351.5,0,1557.8317757009345,0.42281348788198103
Springfield,2021,0,Curbside,61000.0,40000.0,40000.0,47739.65,8142.99,0,2386.9825,0.6557377049180327
Sterling,2021,0,Curbside,3000.0,3000.0,3000.0,2302.2,0.0,1,1534.8,1.0
Stoneham,2021,0,Curbside,9500.0,6700.0,6700.0,6300.0,2321.0,1,1880.597014925373,0.7052631578947368
Sturbridge,2021,1,Drop-off,4492.0,1914.0,1914.0,200.0,0.0,0,208.9864158829676,0.42609082813891364
Sutton,2021,1,Drop-off,3690.0,1200.0,1200.0,486.29,0.0,1,810.4833333333333,0.3252032520325203
Swampscott,2021,1,Curbside,6298.0,5125.0,5125.0,3690.12,1737.36,1,1440.0468292682926,0.8137503969514132
Swansea,2021,1,Curbside,6327.0,6150.0,6150.0,7094.93,,0,2307.2943089430896,0.9720246562351825
Taunton,2021,1,Curbside,20593.0,18279.0,20474.0,12831.82,4708.31,1,1403.9958422233165,0.8876317195163405
Tewksbury,2021,0,Curbside,10073.0,10073.0,10073.0,10750.0,2916.0,1,2134.4187431748237,1.0
Topsfield,2021,1,Curbside,2161.0,2161.0,2161.0,2076.29,0.0,1,1921.6011105969458,1.0
Townsend,2021,0,Curbside,3461.0,3461.0,3461.0,2259.03,856.86,0,1305.4203987286912,1.0
Truro,2021,0,Drop-off,3356.0,1816.0,1816.0,1127.55,557.32,0,1241.795154185022,0.5411203814064363
Tyngsborough,2021,0,Curbside,4681.0,3921.0,3921.0,3845.08,1001.9,1,1961.2751849018107,0.8376415295876949
Upton,2021,1,Curbside,3100.0,2500.0,2500.0,1448.32,819.97,0,1158.656,0.8064516129032258
Wakefield,2021,0,Curbside,8930.0,7247.0,7247.0,7690.15,2217.6,1,2122.2988822961224,0.8115341545352743
Walpole,2021,0,Curbside,8219.0,7654.0,7654.0,8374.72,1853.46,1,2188.325058792788,0.9312568438982844
Waltham,2021,0,Curbside,23000.0,19170.0,19170.0,16457.37,4420.23,0,1716.9921752738653,0.8334782608695652
Wareham,2021,0,Both,12420.0,9077.0,9077.0,5592.0,1069.2,0,1232.125151481767,0.7308373590982287
Warren,2021,1,Drop-off,2035.0,911.0,911.0,550.26,,0,1208.0351262349068,0.44766584766584766
Warwick,2021,1,Drop-off,362.0,300.0,300.0,75.25,,0,501.6666666666667,0.8287292817679558
Watertown,2021,0,Curbside,13666.0,10000.0,10500.0,9518.28,2998.92,1,1903.656,0.7317430118542368
Wayland,2021,1,Drop-off,5897.0,1864.0,1843.0,738.85,573.31,1,792.7575107296137,0.31609292860776667
Wellesley,2021,0,Drop-off,9348.0,9348.0,9348.0,4961.0,0.0,1,1061.4035087719299,1.0
Wellfleet,2021,1,Drop-off,3669.0,3309.0,3309.0,906.49,0.0,0,547.8936234511937,0.901880621422731
Wendell,2021,1,Drop-off,383.0,378.0,378.0,166.81,,0,882.5925925925926,0.9869451697127938
Wenham,2021,1,Curbside,1429.0,1355.0,1355.0,855.6,520.3,1,1262.8782287822878,0.9482155353393982
West Boylston,2021,1,Curbside,2903.0,2520.0,2520.0,1602.46,566.79,0,1271.7936507936508,0.8680675163623838
West Bridgewater,2021,0,Drop-off,3259.0,1867.0,1867.0,2342.6,365.54,0,2509.480449919657,0.5728751150659711
West Springfield,2021,0,Curbside,12500.0,8860.0,8860.0,7498.73,2150.07,1,1692.7155756207676,0.7088
West Tisbury,2021,1,Drop-off,1495.0,850.0,850.0,241.0,184.0,0,567.0588235294117,0.568561872909699
Westborough,2021,0,Drop-off,5521.0,4149.0,5013.0,5186.11,,0,2499.932513858761,0.7514942945118638
Westfield,2021,0,Both,16246.0,16246.0,16246.0,11545.79,3173.86,1,1421.3701834297674,1.0
Westford,2021,0,Curbside,8046.0,8046.0,8046.0,7642.5,2429.77,1,1899.7017151379569,1.0
Westhampton,2021,1,Drop-off,695.0,385.0,385.0,193.73,,0,1006.3896103896104,0.5539568345323741
Weston,2021,1,Drop-off,3600.0,1675.0,1675.0,1156.64,,1,1381.0626865671643,0.4652777777777778
Weymouth,2021,0,Both,20690.0,17650.0,17650.0,17030.0,5397.0,1,1929.745042492918,0.8530691155147414
Whately,2021,1,Drop-off,607.0,460.0,460.0,167.33,,0,727.5217391304348,0.7578253706754531
Whitman,2021,0,Curbside,5291.0,4572.0,4572.0,3877.81,1390.0,0,1696.3298337707786,0.8641088641088641
Williamsburg,2021,0,Drop-off,1147.0,866.0,866.0,470.45,,0,1086.4896073903003,0.7550130775937227
Williamstown,2021,1,Drop-off,2252.0,845.0,845.0,324.82,,0,768.8047337278107,0.3752220248667851
Wilmington,2021,0,Curbside,7411.0,7411.0,7411.0,6972.0,2492.0,1,1881.5274591822965,1.0
Winchester,2021,0,Drop-off,7932.0,4985.0,4985.0,5665.0,1845.52,1,2272.818455366098,0.6284669692385275
Windsor,2021,1,Drop-off,400.0,399.0,399.0,146.09,,0,732.280701754386,0.9975
Winthrop,2021,0,Curbside,7835.0,5940.0,5940.0,5728.48,1586.85,1,1928.7811447811448,0.7581365666879387
Woburn,2021,0,Curbside,12262.0,11556.0,11556.0,14455.38,2328.87,1,2501.7964693665626,0.9424237481650628
Worcester,2021,1,Curbside,67000.0,55000.0,67000.0,26150.03,10926.37,0,950.9101818181819,0.8208955223880597
Worthington,2021,1,Drop-off,533.0,358.0,358.0,189.3,,0,1057.5418994413408,0.6716697936210131
Wrentham,2021,1,Curbside,4320.0,4086.0,4102.0,3148.25,1319.92,0,1540.9936368086148,0.9458333333333333
Yarmouth,2021,0,Drop-off,15232.0,9998.0,10695.0,9469.36,,0,1894.250850170034,0.6563813025210085
Abington,2022,0,Curbside,6671.0,4606.0,4606.0,4368.0,1578.0,1,1896.6565349544073,0.6904512067156349
Acton,2022,1,Drop-off,10800.0,3930.0,4340.0,1861.28,,1,947.2162849872774,0.3638888888888889
Acushnet,2022,0,Curbside,3816.0,3816.0,3816.0,3492.75,971.87,0,1830.5817610062893,1.0
Agawam,2022,0,Curbside,12205.0,8923.0,8923.0,6330.0,2046.0,0,1418.805334528746,0.7310938140106513
Alford,2022,0,Drop-off,344.0,344.0,344.0,140.67,,0,817.8488372093024,1.0
Amesbury,2022,0,Curbside,6380.0,6000.0,6000.0,4664.37,1731.6,1,1554.79,0.9404388714733543
Andover,2022,0,Curbside,10000.0,9012.0,9012.0,10163.0,3355.0,1,2255.4371948513094,0.9012
Aquinnah,2022,1,Drop-off,404.0,250.0,250.0,111.0,66.0,0,888.0,0.6188118811881188
Arlington,2022,0,Curbside,20311.0,20311.0,20311.0,11427.98,4421.0,1,1125.2995913544385,1.0
Ashfield,2022,1,Drop-off,717.0,517.0,517.0,278.14,,0,1075.9767891682786,0.7210599721059973
Ashland,2022,1,Curbside,6336.0,5966.0,5966.0,2860.79,1715.14,1,959.0311766677842,0.9416035353535354
Attleboro,2022,1,Curbside,15080.0,14547.0,14547.0,9311.84,4505.61,0,1280.2419742902316,0.9646551724137931
Auburn,2022,0,Curbside,7594.0,5499.0,5499.0,4712.58,1377.9,0,1713.977086743044,0.7241243086647353
Avon,2022,0,Curbside,1489.0,1477.0,1477.0,1827.12,444.69,0,2474.0961408259986,0.9919408999328408
Ayer,2022,1,Drop-off,3336.0,1336.0,1336.0,623.9,224.51,1,933.9820359281437,0.40047961630695444
Barnstable,2022,0,Drop-off,23784.0,9222.0,9222.0,8408.11,0.0,0,1823.4894816742571,0.3877396569122099
Barre,2022,1,Drop-off,2181.0,923.0,923.0,546.25,,0,1183.6403033586132,0.42320036680421824
Becket,2022,1,Drop-off,1748.0,1748.0,1748.0,391.73,,0,448.20366132723115,1.0
Bedford,2022,0,Curbside,6422.0,4717.0,4717.0,3292.24,1371.47,1,1395.9041763832945,0.7345063843039552
Belmont,2022,0,Curbside,9958.0,9958.0,9958.0,6215.99,3034.93,1,1248.4414541072504,1.0
Berkley,2022,0,Drop-off,2835.0,1108.0,1108.0,643.99,,0,1162.436823104693,0.3908289241622575
Berlin,2022,0,Drop-off,1429.0,741.0,741.0,638.0,,1,1721.9973009446694,0.5185444366689993
Bernardston,2022,1,Drop-off,861.0,650.0,650.0,311.38,,0,958.0923076923077,0.7549361207897793
Beverly,2022,0,Curbside,18200.0,12984.0,12984.0,10839.0,,0,1669.5933456561922,0.7134065934065934
Billerica,2022,0,Curbside,15337.0,13695.0,13695.0,12595.0,4199.0,1,1839.3574297188754,0.8929386451066049
Blackstone,2022,0,Curbside,3573.0,3573.0,3573.0,2644.23,,0,1480.1175482787573,1.0
Blandford,2022,0,Drop-off,900.0,300.0,300.0,191.47,4.0,0,1276.4666666666667,0.3333333333333333
Bolton,2022,1,Drop-off,1977.0,1977.0,1977.0,543.45,,0,549.7723823975721,1.0
Boston,2022,0,Curbside,322000.0,272500.0,272500.0,191709.35,34185.0,1,1407.041100917431,0.8462732919254659
Bourne,2022,0,Both,8183.0,8183.0,8183.0,6035.38,6435.78,0,1475.1020408163265,1.0
Boxborough,2022,0,Drop-off,2042.0,1073.0,1073.0,820.84,307.95,1,1529.990680335508,0.5254652301665035
Boxford,2022,1,Curbside,2760.0,2604.0,2760.0,1739.0,998.0,0,1335.637480798771,0.9434782608695652
Braintree,2022,0,Both,12300.0,10619.0,10619.0,11551.67,2957.46,1,2175.6606083435354,0.8633333333333333
Brewster,2022,1,Drop-off,7169.0,3688.0,3688.0,1124.69,,0,609.9186550976139,0.5144371599944204
Brockton,2022,1,Curbside,29618.0,26691.0,26691.0,25408.0,8137.0,1,1903.8627252631973,0.9011749611722601
Brookfield,2022,1,Drop-off,1180.0,640.0,800.0,460.0,160.0,1,1437.5,0.5423728813559322
Brookline,2022,1,Curbside,28503.0,15416.0,15416.0,8171.06,4236.24,1,1060.0752464971458,0.5408553485598008
Buckland,2022,1,Drop-off,792.0,700.0,700.0,214.38,,0,612.5142857142857,0.8838383838383839
Burlington,2022,0,Curbside,7250.0,7055.0,7055.0,5803.17,2278.76,1,1645.1226080793763,0.973103448275862
Cambridge,2022,0,Curbside,50000.0,32500.0,44700.0,13069.0,8431.0,1,804.2461538461539,0.65
Canton,2022,0,Curbside,7657.0,7657.0,7657.0,6556.9,1938.5,1,1712.6550868486352,1.0
Carlisle,2022,0,Drop-off,2034.0,1946.0,2029.0,1621.0,,0,1665.9815005138746,0.9567354965585054
Charlemont,2022,1,Drop-off,520.0,460.0,460.0,146.07,,0,635.0869565217391,0.8846153846153846
Chatham,2022,0,Drop-off,5873.0,3160.0,3160.0,5740.49,295.6,1,3633.221518987342,0.5380555082581304
Chelmsford,2022,0,Curbside,14108.0,12733.0,12733.0,10154.66,3167.53,1,1595.0145291761564,0.9025375673376808
Cheshire,2022,1,Drop-off,1358.0,835.0,835.0,434.42,,0,1040.5269461077844,0.6148748159057438
Chester,2022,1,Drop-off,820.0,308.0,308.0,147.82,,0,959.8701298701299,0.375609756097561
Chesterfield,2022,1,Drop-off,554.0,210.0,210.0,132.72,,0,1264.0,0.37906137184115524
Chicopee,2022,1,Curbside,24326.0,18931.0,18931.0,11645.95,4257.55,0,1230.357614494744,0.7782208336759023
Clinton,2022,1,Curbside,4598.0,4296.0,4296.0,2461.07,1028.12,0,1145.7495344506517,0.9343192692474989
Cohasset,2022,1,Drop-off,3500.0,3500.0,3500.0,1370.0,0.0,0,782.8571428571429,1.0
Colrain,2022,1,Drop-off,729.0,650.0,650.0,235.65,,0,725.0769230769231,0.8916323731138546
Concord,2022,1,Curbside,5514.0,3542.0,3622.0,2269.04,,0,1281.2196499153022,0.6423648893725064
Conway,2022,0,Drop-off,696.0,650.0,650.0,392.0,,0,1206.1538461538462,0.9339080459770115
Cummington,2022,1,Drop-off,423.0,293.0,293.0,128.53,,0,877.3378839590443,0.6926713947990544
Danvers,2022,0,Both,15688.0,7679.0,7679.0,6761.24,,1,1760.9688761557495,0.48948240693523715
Dartmouth,2022,1,Both,11863.0,10286.0,10286.0,5636.22,0.0,0,1095.9012249659731,0.8670656663575824
Dedham,2022,1,Curbside,8022.0,8022.0,8022.0,6673.08,2521.75,0,1663.6948391922215,1.0
Deerfield,2022,1,Drop-off,1965.0,1291.0,1291.0,481.3,,0,745.6235476374903,0.656997455470738
Dennis,2022,0,Drop-off,14455.0,7263.0,7907.0,3640.0,0.0,0,1002.3406305934187,0.5024558976132826
Dighton,2022,1,Curbside,2966.0,2866.0,2866.0,1711.85,714.48,0,1194.5917655268668,0.9662845583277141
Douglas,2022,0,Drop-off,3241.0,1331.0,1331.0,1063.0,,0,1597.2952667167542,0.41067571737118175
Dover,2022,0,Drop-off,2072.0,2072.0,2072.0,1016.5,,0,981.1776061776062,1.0
Dracut,2022,0,Curbside,12321.0,10727.0,10787.0,10627.0,2965.0,1,1981.355458189615,0.8706273841408977
Dunstable,2022,0,Curbside,1120.0,393.0,393.0,204.0,118.7,0,1038.1679389312976,0.3508928571428571
Duxbury,2022,1,Drop-off,6732.0,5473.0,5473.0,2852.0,,0,1042.207198976795,0.8129827688651218
East Bridgewater,2022,0,Both,4949.0,3021.0,3021.0,3232.0,882.0,1,2139.688844753393,0.6104263487573247
East Brookfield,2022,1,Curbside,990.0,953.0,953.0,487.06,133.46,0,1022.1615949632738,0.9626262626262626
East Longmeadow,2022,1,Curbside,6602.0,5712.0,5712.0,3427.84,,0,1200.2240896358544,0.8651923659497122
Eastham,2022,0,Drop-off,5724.0,3943.0,3943.0,2141.95,0.0,0,1086.457012427086,0.6888539482879106
Edgartown,2022,1,Drop-off,4377.0,2000.0,2000.0,1000.0,680.0,1,1000.0,0.4569339730408956
Egremont,2022,0,Drop-off,837.0,837.0,837.0,392.26,,0,937.299880525687,1.0
Erving,2022,1,Curbside,659.0,659.0,659.0,328.45,,0,996.8133535660091,1.0
Essex,2022,0,Drop-off,1300.0,1050.0,1050.0,1221.0,0.0,1,2325.714285714286,0.8076923076923077
Everett,2022,0,Curbside,16337.0,16000.0,16000.0,16219.32,3712.07,1,2027.415,0.9793719777192875
Fairhaven,2022,0,Curbside,7002.0,6839.0,6839.0,4937.0,1447.2,1,1443.778330165229,0.9767209368751785
Fall River,2022,0,Both,36884.0,31461.0,31461.0,28929.15,7180.64,1,1839.0483455707065,0.8529714781477064
Falmouth,2022,0,Both,25000.0,21000.0,21000.0,11733.14,3156.65,1,1117.4419047619047,0.84
Fitchburg,2022,0,Both,15000.0,13500.0,13500.0,11351.34,3046.53,0,1681.68,0.9
Florida,2022,0,Drop-off,350.0,251.0,251.0,271.5,,0,2163.3466135458166,0.7171428571428572
Framingham,2022,0,Both,26284.0,18463.0,18463.0,18392.0,4947.0,1,1992.3089422087419,0.7024425506011261
Franklin,2022,0,Curbside,10132.0,9712.0,9712.0,7499.56,2883.06,1,1544.3904448105436,0.9585471772601658
Freetown,2022,1,Both,3564.0,2851.0,2851.0,1606.0,793.5,0,1126.6222378112943,0.7999438832772167
Gardner,2022,0,Both,8535.0,6821.0,6821.0,4600.27,1544.34,0,1348.8550065972731,0.7991798476859988
Gill,2022,1,Curbside,557.0,557.0,557.0,160.77,,0,577.2710951526033,1.0
Gloucester,2022,1,Curbside,14400.0,13500.0,13750.0,6788.98,2931.33,1,1005.7748148148148,0.9375
Goshen,2022,1,Drop-off,559.0,250.0,250.0,141.45,,0,1131.6,0.4472271914132379
Grafton,2022,1,Curbside,6314.0,5238.0,5238.0,3709.51,1664.59,1,1416.3841160748377,0.8295850490972442
Granville,2022,1,Drop-off,565.0,450.0,500.0,143.1,,1,636.0,0.7964601769911505
Greenfield,2022,1,Both,5265.0,5048.0,5048.0,3485.0,,1,1380.744849445325,0.9587844254510921
Groton,2022,1,Drop-off,3935.0,1463.0,3935.0,609.63,,0,833.3971291866029,0.37179161372299874
Groveland,2022,0,Curbside,2617.0,2229.0,2229.0,1865.84,562.49,0,1674.1498429789144,0.8517386320213985
Hamilton,2022,1,Curbside,2680.0,2680.0,2680.0,1567.1,843.7,1,1169.4776119402984,1.0
Hancock,2022,0,Drop-off,315.0,250.0,250.0,219.92,,0,1759.36,0.7936507936507936
Hanover,2022,0,Drop-off,5200.0,5200.0,5200.0,4691.25,,0,1804.326923076923,1.0
Hanson,2022,1,Drop-off,3676.0,2000.0,2000.0,688.36,286.21,1,688.36,0.544069640914037
Harvard,2022,1,Drop-off,2047.0,1305.0,1305.0,577.53,,0,885.1034482758621,0.6375183194919394
Harwich,2022,0,Drop-off,10255.0,5156.0,5156.0,4622.0,,0,1792.8626842513577,0.5027791321306679
Haverhill,2022,0,Curbside,21800.0,21177.0,21177.0,20681.0,5368.47,1,1953.1567266373895,0.9714220183486239
Heath,2022,1,Drop-off,382.0,337.0,337.0,120.62,,0,715.8456973293769,0.8821989528795812
Hingham,2022,0,Drop-off,7396.0,7396.0,7396.0,5106.73,,1,1380.9437533802054,1.0
Hinsdale,2022,1,Drop-off,743.0,700.0,700.0,304.03,,0,868.6571428571428,0.9421265141318977
Holden,2022,0,Curbside,7759.0,6089.0,6089.0,5015.97,1818.08,0,1647.5513220561668,0.7847660781028483
Holliston,2022,1,Curbside,5258.0,4872.0,4872.0,3364.0,1531.0,1,1380.952380952381,0.9265880562951693
Holyoke,2022,0,Both,15062.0,9800.0,9950.0,8047.0,1352.0,0,1642.2448979591836,0.6506440047802416
Hopkinton,2022,0,Curbside,6658.0,5945.0,5945.0,4259.97,1559.94,1,1433.1269974768713,0.892910784019225
Huntington,2022,1,Drop-off,954.0,445.0,445.0,293.47,,0,1318.9662921348315,0.46645702306079667
Ipswich,2022,1,Curbside,6464.0,5067.0,5183.0,2800.26,1646.88,1,1105.2930728241563,0.7838799504950495
Kingston,2022,0,Drop-off,4505.0,3700.0,3750.0,2678.18,,0,1447.664864864865,0.8213096559378469
Lakeville,2022,1,Drop-off,4815.0,1535.0,1535.0,518.47,0.0,0,675.5309446254072,0.31879543094496365
Lawrence,2022,0,Curbside,35185.0,26092.0,26092.0,23728.72,5100.0,1,1818.8502222903571,0.7415660082421487
Leominster,2022,0,Both,14944.0,11521.0,11521.0,10649.0,3055.0,1,1848.6242513670688,0.7709448608137045
Leverett,2022,1,Drop-off,766.0,667.0,667.0,160.44,,0,481.0794602698651,0.8707571801566579
Lexington,2022,0,Curbside,11863.0,11274.0,11649.0,8525.0,3600.0,1,1512.329253148838,0.9503498271937958
Lincoln,2022,0,Drop-off,1949.0,1949.0,1949.0,705.0,325.0,1,723.4479220112878,1.0
Littleton,2022,1,Drop-off,3468.0,1732.0,1732.0,721.88,,0,833.5796766743649,0.4994232987312572
Longmeadow,2022,1,Curbside,5779.0,5534.0,5534.0,3361.38,,0,1214.8102638236358,0.9576051219934245
Lowell,2022,0,Curbside,40000.0,25000.0,25000.0,24788.39,5919.7,0,1983.0712,0.625
Ludlow,2022,1,Both,7192.0,7118.0,7118.0,5252.0,,1,1475.6954200618152,0.9897107897664071
Lunenburg,2022,1,Curbside,4300.0,3700.0,4300.0,1587.82,760.52,0,858.2810810810811,0.8604651162790697
Lynn,2022,0,Curbside,33122.0,27000.0,27000.0,27415.63,7293.92,1,2030.7874074074075,0.8151681661735403
Lynnfield,2022,0,Curbside,4590.0,4350.0,4350.0,4401.7,981.8,1,2023.7701149425288,0.9477124183006536
Malden,2022,1,Curbside,25000.0,17100.0,17100.0,11770.0,3917.0,1,1376.608187134503,0.684
Manchester,2022,1,Curbside,2414.0,2414.0,2414.0,1059.44,818.28,1,877.7464788732394,1.0
Mansfield,2022,0,Curbside,8030.0,7204.0,7204.0,4800.0,2175.0,0,1332.5930038867295,0.8971357409713574
Marblehead,2022,0,Both,8000.0,8000.0,8000.0,4906.83,2455.48,0,1226.7075,1.0
Marion,2022,0,Both,2777.0,2777.0,2777.0,1989.72,514.97,0,1432.9996398991718,1.0
Marlborough,2022,0,Both,12000.0,12000.0,12000.0,9417.52,3034.36,0,1569.5866666666666,1.0
Marshfield,2022,1,Both,9758.0,9633.0,9633.0,6063.0,3153.0,1,1258.7978822796636,0.9871899979503996
Mashpee,2022,0,Drop-off,10483.0,4570.0,5115.0,3262.0,,0,1427.5711159737418,0.4359439091863016
Mattapoisett,2022,0,Both,4008.0,4008.0,4008.0,2414.0,788.28,0,1204.5908183632735,1.0
Maynard,2022,1,Curbside,5496.0,4500.0,4500.0,1931.05,971.76,1,858.2444444444444,0.8187772925764192
Medfield,2022,0,Drop-off,4452.0,3550.0,3550.0,2574.41,811.07,1,1450.3718309859155,0.7973944294699011
Medford,2022,0,Curbside,23016.0,19500.0,19500.0,15162.97,5001.76,0,1555.1764102564102,0.8472367049009385
Medway,2022,1,Both,4541.0,4228.0,4228.0,4081.83,1425.62,1,1930.856196783349,0.931072451001982
Melrose,2022,0,Curbside,11996.0,8591.0,8900.0,6648.75,2695.89,1,1547.8407635898034,0.7161553851283762
Mendon,2022,0,Curbside,2143.0,1855.0,1855.0,1658.0,446.0,0,1787.601078167116,0.8656089594027064
Merrimac,2022,1,Curbside,3178.0,1223.0,1895.0,637.66,603.37,1,1042.7800490596892,0.3848332284455632
Methuen,2022,0,Both,18803.0,14948.0,15168.0,17118.33,2779.78,1,2290.3839978592455,0.7949795245439557
Middleborough,2022,0,Both,7493.0,6560.0,6560.0,5286.0,1802.0,0,1611.5853658536585,0.8754837848658749
Middlefield,2022,0,Drop-off,278.0,178.0,178.0,122.37,,0,1374.943820224719,0.6402877697841727
Milford,2022,0,Curbside,13000.0,10000.0,10000.0,9835.16,12780.55,1,1967.032,0.7692307692307693
Millbury,2022,0,Drop-off,5165.0,3713.0,3713.0,3084.0,852.0,1,1661.190412065715,0.7188770571151984
Milton,2022,1,Curbside,9555.0,8937.0,9395.0,6014.17,3113.82,1,1345.9035470515832,0.9353218210361067
Monroe,2022,0,Curbside,73.0,73.0,73.0,59.82,4.39,0,1638.9041095890411,1.0
Monson,2022,0,Curbside,3001.0,2982.0,2982.0,2892.21,21.51,1,1939.778672032193,0.9936687770743086
Montague,2022,1,Curbside,3434.0,2450.0,2450.0,1250.43,,0,1020.7591836734694,0.7134536983110076
Monterey,2022,0,Drop-off,902.0,664.0,664.0,251.12,,0,756.3855421686746,0.7361419068736141
Mount Washington,2022,0,Drop-off,148.0,148.0,148.0,18.96,,0,256.2162162162162,1.0
Nahant,2022,0,Curbside,1300.0,1300.0,1300.0,1030.37,420.0,1,1585.1846153846152,1.0
Nantucket,2022,0,Drop-off,9036.0,9036.0,9036.0,7027.57,,1,1555.4603806994246,1.0
Natick,2022,1,Curbside,13580.0,10700.0,10700.0,6121.74,3395.49,1,1144.2504672897196,0.7879234167893961
Needham,2022,1,Drop-off,14819.0,5500.0,5500.0,2579.0,326.0,0,937.8181818181819,0.37114515149470273
New Bedford,2022,0,Curbside,41395.0,36394.0,36394.0,30900.66,7457.02,0,1698.1183711600813,0.8791883077666385
New Marlborough,2022,0,Drop-off,940.0,441.0,441.0,288.72,0.0,1,1309.3877551020407,0.46914893617021275
New Salem,2022,1,Drop-off,448.0,231.0,231.0,146.4,,0,1267.5324675324675,0.515625
Newbury,2022,1,Drop-off,2947.0,2349.0,2349.0,922.04,,1,785.04895700298,0.7970817780794028
Newburyport,2022,0,Curbside,10500.0,7566.0,7566.0,5405.51,2145.7,1,1428.8950568332011,0.7205714285714285
Newton,2022,0,Curbside,31500.0,28500.0,28500.0,16961.11,8586.44,1,1190.2533333333333,0.9047619047619048
Norfolk,2022,1,Drop-off,3905.0,1303.0,1303.0,437.0,60.0,0,670.7597851112816,0.33367477592829703
North Adams,2022,1,Drop-off,5366.0,5366.0,5366.0,4204.0,,1,1566.9027208348864,1.0
North Andover,2022,0,Curbside,12000.0,8340.0,8340.0,8240.36,2275.0,1,1976.1055155875301,0.695
North Attleborough,2022,1,Both,10360.0,8976.0,9013.0,4984.73,2852.98,1,1110.6795900178254,0.8664092664092664
North Brookfield,2022,1,Drop-off,1844.0,1000.0,1000.0,567.0,,1,1134.0,0.5422993492407809
North Reading,2022,0,Curbside,5546.0,4470.0,4470.0,4038.09,866.95,1,1806.751677852349,0.8059862964298593
Northborough,2022,1,Curbside,5964.0,5017.0,5017.0,2260.0,971.51,1,900.9368148295795,0.8412139503688799
Northfield,2022,1,Drop-off,1223.0,842.0,842.0,373.49,,0,887.1496437054632,0.6884709730171709
Norwell,2022,1,Curbside,3692.0,3580.0,3692.0,2643.91,1492.77,1,1477.04469273743,0.9696641386782232
Norwood,2022,0,Curbside,12629.0,9707.0,9707.0,6334.76,4043.0,0,1305.194189759967,0.7686277615013065
Oak Bluffs,2022,1,Both,4237.0,3177.0,4237.0,800.06,0.0,0,503.6575385583884,0.7498229879631815
Orange,2022,1,Drop-off,2888.0,1190.0,1190.0,450.0,,0,756.3025210084033,0.4120498614958449
Orleans,2022,0,Drop-off,5370.0,3845.0,3845.0,1600.0,0.0,0,832.2496749024707,0.7160148975791434
Otis,2022,0,Drop-off,1750.0,1200.0,1200.0,574.06,,0,956.7666666666667,0.6857142857142857
Paxton,2022,0,Curbside,1599.0,1599.0,1599.0,1417.0,0.0,0,1772.3577235772357,1.0
Peabody,2022,0,Curbside,17363.0,14000.0,14000.0,14654.52,,1,2093.502857142857,0.8063122732246731
Pembroke,2022,0,Curbside,6832.0,6832.0,6832.0,5812.0,1793.0,1,1701.4051522248244,1.0
Pepperell,2022,1,Drop-off,4233.0,1450.0,1450.0,754.36,,0,1040.496551724138,0.3425466572171037
Peru,2022,1,Drop-off,380.0,335.0,335.0,178.78,,0,1067.3432835820895,0.881578947368421
Petersham,2022,1,Drop-off,503.0,306.0,306.0,212.3,,1,1387.5816993464052,0.6083499005964215
Phillipston,2022,1,Drop-off,816.0,373.0,373.0,186.06,,0,997.6407506702412,0.4571078431372549
Pittsfield,2022,0,Curbside,19290.0,17396.0,17090.0,16221.0,0.0,1,1864.9114739020465,0.9018144116122343
Plainfield,2022,1,Drop-off,308.0,197.0,197.0,88.09,,0,894.3147208121827,0.6396103896103896
Plainville,2022,1,Curbside,4064.0,2212.0,2212.0,1529.0,660.0,0,1382.4593128390597,0.5442913385826772
Plympton,2022,0,Drop-off,1200.0,850.0,850.0,639.88,0.0,0,1505.6,0.7083333333333334
Provincetown,2022,0,Both,2740.0,2740.0,2740.0,1148.0,2714.0,0,837.956204379562,1.0
Quincy,2022,0,Curbside,45800.0,33600.0,33500.0,29605.47,5260.2,0,1762.2303571428572,0.7336244541484717
Randolph,2022,0,Curbside,12282.0,9555.0,9555.0,10600.0,2302.0,1,2218.733647305076,0.7779677576941866
Reading,2022,0,Curbside,9535.0,8853.0,8853.0,6861.17,2597.09,1,1550.0214616514177,0.9284740429994757
Revere,2022,0,Curbside,25000.0,22000.0,21000.0,17961.0,3383.83,0,1632.8181818181818,0.88
Rochester,2022,0,Curbside,2019.0,2019.0,2019.0,1908.82,468.55,1,1890.8568598315999,1.0
Rockland,2022,0,Curbside,5468.0,5078.0,5078.0,4399.1,1234.0,0,1732.6112642772746,0.9286759326993417
Rockport,2022,1,Drop-off,4857.0,3147.0,3147.0,1968.0,,1,1250.7149666348903,0.6479308214947499
Rowe,2022,1,Drop-off,215.0,201.0,201.0,105.02,,0,1044.9751243781095,0.9348837209302325
Royalston,2022,1,Drop-off,569.0,390.0,390.0,160.13,,0,821.1794871794872,0.6854130052724078
Russell,2022,1,Drop-off,565.0,435.0,435.0,254.46,,0,1169.9310344827586,0.7699115044247787
Salem,2022,0,Curbside,19745.0,17050.0,17050.0,11459.64,3585.56,1,1344.2392961876833,0.8635097493036211
Sandisfield,2022,0,Drop-off,594.0,449.0,449.0,165.96,,0,739.2427616926503,0.7558922558922558
Sandwich,2022,1,Drop-off,8500.0,5000.0,5000.0,2508.0,,0,1003.2,0.5882352941176471
Saugus,2022,0,Curbside,10662.0,8758.0,8758.0,8934.57,2052.16,1,2040.3219913222197,0.8214218720690302
Savoy,2022,1,Drop-off,295.0,165.0,165.0,105.95,,0,1284.2424242424242,0.559322033898305
Scituate,2022,1,Drop-off,7950.0,5532.0,5532.0,3082.0,,0,1114.2443962400578,0.6958490566037736
Seekonk,2022,1,Curbside,5600.0,5462.0,5462.0,3359.89,0.0,0,1230.2782863419993,0.9753571428571428
Sharon,2022,0,Curbside,6703.0,5465.0,5465.0,4891.63,2099.12,0,1790.1665141811527,0.815306579143667
Sheffield,2022,0,Drop-off,1730.0,919.0,932.0,506.7,,0,1102.7203482045702,0.53121387283237
Shelburne,2022,1,Drop-off,780.0,580.0,580.0,230.96,,0,796.4137931034483,0.7435897435897436
Sherborn,2022,0,Drop-off,1491.0,1491.0,1491.0,1468.0,,1,1969.1482226693495,1.0
Shirley,2022,0,Curbside,2504.0,1714.0,1714.0,1258.83,440.07,0,1468.8798133022171,0.6845047923322684
Shrewsbury,2022,1,Curbside,13228.0,11573.0,11573.0,5977.92,0.0,1,1033.0804458653763,0.8748866041729665
Shutesbury,2022,1,Curbside,830.0,830.0,830.0,330.71,,0,796.8915662650602,1.0
Somerset,2022,1,Both,6944.0,6944.0,6944.0,3626.25,2323.95,1,1044.4268433179723,1.0
Somerville,2022,0,Curbside,28000.0,26250.0,26250.0,16601.03,6530.81,0,1264.8403809523809,0.9375
South Hadley,2022,1,Both,6550.0,6550.0,6550.0,2606.26,,1,795.8045801526717,1.0
Southampton,2022,1,Drop-off,2339.0,970.0,970.0,526.42,0.0,0,1085.4020618556701,0.41470713980333473
Southbridge,2022,0,Curbside,8836.0,6421.0,6421.0,4568.0,1253.0,0,1422.8313346830712,0.7266862833861476
Southwick,2022,0,Drop-off,3582.0,2049.0,2077.0,2045.0,,0,1996.0956564177648,0.5720268006700168
Spencer,2022,1,Drop-off,3827.0,1763.0,1763.0,1223.77,315.78,0,1388.2813386273397,0.4606741573033708
Springfield,2022,0,Curbside,61000.0,40000.0,40000.0,45447.93,7209.34,0,2272.3965,0.6557377049180327
Sterling,2022,0,Curbside,3000.0,2889.0,2889.0,2198.11,895.08,0,1521.7099342332988,0.963
Stoneham,2022,0,Curbside,11493.0,5900.0,5900.0,5724.1,1884.8,1,1940.3728813559321,0.5133559557991821
Stoughton,2022,0,Curbside,9339.0,7211.0,7211.0,9266.0,6.33,0,2569.9625572042714,0.7721383445765071
Sutton,2022,1,Drop-off,3400.0,1200.0,1200.0,486.45,,1,810.75,0.35294117647058826
Swampscott,2022,1,Curbside,6300.0,5127.0,5127.0,3468.0,2105.0,1,1352.837916910474,0.8138095238095238
Swansea,2022,1,Curbside,6327.0,6074.0,6074.0,3571.5,1865.9,1,1175.9960487323017,0.9600126442231706
Taunton,2022,1,Curbside,20705.0,18367.0,20622.0,12746.87,5000.28,1,1388.0187292426635,0.887080415358609
Tewksbury,2022,0,Curbside,10126.0,10126.0,10126.0,10284.0,2776.07,1,2031.2067943906775,1.0
Tisbury,2022,1,Drop-off,2511.0,2511.0,956.0,1278.0,1560.0,0,1017.921146953405,1.0
Tolland,2022,0,Drop-off,512.0,303.0,303.0,89.15,,1,588.4488448844885,0.591796875
Topsfield,2022,1,Curbside,2220.0,2220.0,2220.0,1952.13,,1,1758.6756756756756,1.0
Townsend,2022,0,Curbside,3615.0,3312.0,3312.0,2372.0,910.0,0,1432.3671497584542,0.9161825726141078
Truro,2022,0,Drop-off,2905.0,1837.0,1837.0,1150.0,545.84,0,1252.0413718018508,0.6323580034423408
Tyngsborough,2022,0,Curbside,4807.0,3947.0,3947.0,3879.0,955.0,1,1965.5434507220673,0.8210942375702102
Upton,2022,1,Curbside,3100.0,2475.0,2485.0,1529.75,745.66,1,1236.1616161616162,0.7983870967741935
Wakefield,2022,0,Curbside,8670.0,8567.0,8567.0,7167.48,2189.84,1,1673.276526205206,0.9881199538638985
Walpole,2022,0,Curbside,8661.0,7342.0,7342.0,8141.66,1858.07,1,2217.8316535004087,0.8477081168456299
Waltham,2022,0,Curbside,23891.0,18837.0,18837.0,18340.26,4254.67,0,1947.2591176939004,0.7884559038968649
Wareham,2022,0,Both,12948.0,8631.0,8631.0,6318.7,1711.45,0,1464.1872320704438,0.6665894346617238
Warren,2022,1,Drop-off,2035.0,920.0,920.0,545.86,,0,1186.6521739130435,0.4520884520884521
Warwick,2022,1,Drop-off,373.0,323.0,323.0,65.51,,0,405.63467492260065,0.8659517426273459
Washington,2022,0,Drop-off,247.0,247.0,247.0,110.0,,0,890.6882591093117,1.0
Watertown,2022,0,Curbside,13500.0,10000.0,10000.0,8581.58,2789.0,1,1716.316,0.7407407407407407
Wayland,2022,1,Drop-off,5904.0,1774.0,1774.0,748.19,530.24,1,843.5062006764374,0.3004742547425474
Wellesley,2022,0,Drop-off,9326.0,9326.0,9326.0,4350.0,0.0,1,932.8758310100793,1.0
Wellfleet,2022,1,Drop-off,3669.0,3309.0,3309.0,732.18,0.0,0,442.53853127833185,0.901880621422731
Wendell,2022,1,Drop-off,394.0,376.0,376.0,138.42,,0,736.2765957446809,0.9543147208121827
Wenham,2022,1,Curbside,1464.0,1379.0,1379.0,831.5,411.5,1,1205.9463379260333,0.9419398907103825
West Boylston,2022,1,Curbside,2905.0,2522.0,2520.0,1586.54,455.56,0,1258.1601903251387,0.86815834767642
West Bridgewater,2022,0,Drop-off,3365.0,1831.0,1831.0,2068.17,346.97,0,2259.060622610595,0.5441307578008915
West Springfield,2022,0,Curbside,12500.0,8860.0,8860.0,6752.56,1870.02,1,1524.2799097065463,0.7088
West Tisbury,2022,1,Drop-off,1871.0,850.0,850.0,258.0,173.0,0,607.0588235294117,0.45430251202565475
Westborough,2022,0,Drop-off,7980.0,4446.0,7980.0,6148.31,,1,2765.7714799820064,0.5571428571428572
Westfield,2022,0,Both,15099.0,15099.0,15099.0,11141.2,2939.85,1,1475.753361149745,1.0
Westford,2022,0,Curbside,8053.0,8053.0,8053.0,6821.39,2087.03,1,1694.12392897057,1.0
Westhampton,2022,1,Drop-off,695.0,385.0,385.0,163.77,,0,850.7532467532468,0.5539568345323741
Westminster,2022,0,Drop-off,3171.0,2198.0,2198.0,2064.0,,0,1878.070973612375,0.6931567328918322
Weston,2022,1,Drop-off,3600.0,1551.0,1551.0,649.5,0.0,1,837.5241779497098,0.43083333333333335
Westwood,2022,0,Curbside,5374.0,5076.0,5374.0,4149.09,1741.56,0,1634.787234042553,0.9445478228507629
Weymouth,2022,0,Both,20205.0,17465.0,17658.0,16273.0,4639.0,1,1863.4984254222732,0.864390002474635
Whately,2022,1,Drop-off,645.0,475.0,475.0,153.71,,0,647.2,0.7364341085271318
Whitman,2022,0,Curbside,5295.0,4618.0,4618.0,3726.91,1341.18,0,1614.0796881766998,0.8721435316336166
Williamsburg,2022,0,Drop-off,1147.0,866.0,866.0,428.19,,0,988.891454965358,0.7550130775937227
Williamstown,2022,1,Drop-off,2252.0,1107.0,1107.0,297.93,,0,538.2655826558265,0.49156305506216696
Wilmington,2022,0,Curbside,7239.0,7074.0,7074.0,6477.0,2300.0,1,1831.2128922815946,0.9772067965188562
Winchester,2022,0,Drop-off,7940.0,5017.0,5107.0,4928.0,1329.0,1,1964.5206298584812,0.6318639798488666
Windsor,2022,1,Drop-off,400.0,397.0,397.0,114.73,,0,577.984886649874,0.9925
Winthrop,2022,0,Curbside,8242.0,5780.0,5780.0,5058.61,1539.09,1,1750.3840830449826,0.7012860956078621
Woburn,2022,0,Curbside,11695.0,11566.0,11566.0,13173.77,2317.99,1,2278.016600380425,0.988969645147499
Worcester,2022,1,Curbside,67000.0,55000.0,67000.0,25210.81,10278.12,0,916.7567272727273,0.8208955223880597
Worthington,2022,1,Drop-off,533.0,358.0,358.0,171.08,,0,955.754189944134,0.6716697936210131
Wrentham,2022,1,Curbside,4377.0,4143.0,4159.0,3058.51,1328.67,0,1476.4711561670288,0.9465387251542152
Yarmouth,2022,0,Drop-off,15395.0,8905.0,9576.0,8600.0,0.0,0,1931.49915777653,0.5784345566742449
Abington,2023,0,Curbside,6666.0,4601.0,4601.0,4328.04,1521.05,1,1881.3475331449686,0.6902190219021902
Acton,2023,1,Drop-off,10121.0,4497.0,4989.0,1856.1,,1,825.4836557705137,0.44432368343049106
Agawam,2023,0,Curbside,12217.0,8935.0,8935.0,6219.0,1984.0,0,1392.0537213206492,0.7313579438487353
Alford,2023,0,Drop-off,332.0,332.0,332.0,142.58,,0,858.9156626506024,1.0
Andover,2023,0,Curbside,13361.0,9983.0,9983.0,9903.0,2682.0,1,1983.9727536812582,0.7471746126786917
Aquinnah,2023,1,Drop-off,404.0,250.0,250.0,97.25,97.05,0,778.0,0.6188118811881188
Arlington,2023,0,Curbside,20311.0,20311.0,20311.0,10900.0,4532.0,1,1073.310029048299,1.0
Ashfield,2023,1,Drop-off,717.0,592.0,592.0,277.41,,0,937.1959459459459,0.8256624825662483
Ashland,2023,1,Curbside,6350.0,5980.0,5980.0,2805.12,1786.3,1,938.1672240802676,0.9417322834645669
Attleboro,2023,1,Curbside,15169.0,14548.0,14548.0,9394.36,4399.76,0,1291.4984877646411,0.9590612433252027
Auburn,2023,0,Curbside,7594.0,5208.0,5208.0,4315.16,1362.4,0,1657.1274961597542,0.6858045825651831
Avon,2023,0,Curbside,1489.0,1477.0,1477.0,1853.44,424.06,0,2509.735951252539,0.9919408999328408
Ayer,2023,1,Drop-off,3256.0,1227.0,1227.0,512.46,222.35,1,835.3056234718828,0.37684275184275184
Barnstable,2023,0,Drop-off,23816.0,9164.0,9164.0,8026.0,,0,1751.6368398079442,0.38478333893181055
Barre,2023,1,Drop-off,2181.0,968.0,968.0,595.58,,0,1230.5371900826447,0.4438331040806969
Bedford,2023,0,Curbside,6426.0,4723.0,4723.0,3542.57,1296.79,1,1500.1355070929494,0.7349828820417056
Belmont,2023,0,Curbside,9958.0,9958.0,9958.0,6026.3,2398.47,1,1210.343442458325,1.0
Berkley,2023,1,Drop-off,2845.0,1139.0,1139.0,639.29,,0,1122.5460930640913,0.40035149384885765
Berlin,2023,0,Drop-off,1254.0,801.0,801.0,570.83,5.4,1,1425.2933832709114,0.638755980861244
Bernardston,2023,1,Drop-off,862.0,650.0,650.0,337.33,,0,1037.9384615384615,0.7540603248259861
Beverly,2023,0,Curbside,18200.0,13020.0,13200.0,10369.98,3543.01,0,1592.930875576037,0.7153846153846154
Billerica,2023,0,Curbside,15374.0,13732.0,13732.0,12640.0,4188.0,1,1840.9554325662687,0.893196305450761
Blackstone,2023,0,Curbside,3667.0,3667.0,3667.0,2644.23,,0,1442.176165803109,1.0
Blandford,2023,0,Drop-off,900.0,300.0,300.0,167.38,0.0,0,1115.8666666666666,0.3333333333333333
Bolton,2023,1,Drop-off,2141.0,1743.0,2141.0,659.89,41.78,0,757.1887550200803,0.814105558150397
Boston,2023,0,Curbside,322000.0,272500.0,272500.0,198000.0,33776.0,1,1453.211009174312,0.8462732919254659
Bourne,2023,0,Both,8197.0,8197.0,8197.0,6050.0,5088.0,0,1476.1498109064291,1.0
Boxborough,2023,0,Drop-off,2300.0,985.0,1065.0,893.0,325.0,1,1813.197969543147,0.4282608695652174
Boxford,2023,1,Curbside,2802.0,2642.0,2802.0,1744.0,927.0,0,1320.211960635882,0.9428979300499644
Braintree,2023,0,Both,12300.0,10619.0,10619.0,10940.6,2780.0,1,2060.5706752048213,0.8633333333333333
Brewster,2023,1,Drop-off,7325.0,3692.0,3692.0,1091.06,,0,591.0400866738895,0.5040273037542662
Brockton,2023,1,Curbside,30102.0,26531.0,26531.0,25700.0,7664.0,1,1937.3563001771513,0.8813700086372999
Brookfield,2023,1,Drop-off,1185.0,640.0,800.0,433.0,170.0,1,1353.125,0.540084388185654
Brookline,2023,1,Curbside,27242.0,15490.0,15490.0,8085.59,4131.26,1,1043.9754680438994,0.5686072975552455
Buckland,2023,1,Drop-off,793.0,700.0,700.0,216.67,,0,619.0571428571428,0.8827238335435057
Burlington,2023,0,Curbside,7267.0,6985.0,6985.0,5453.75,2130.37,1,1561.5604867573372,0.9611944406219898
Cambridge,2023,0,Curbside,51000.0,32724.0,45551.0,12604.0,8363.0,1,770.3214765921036,0.6416470588235295
Canton,2023,0,Both,8713.0,7509.0,7509.0,6613.7,1798.1,1,1761.539485950193,0.8618156777229428
Carlisle,2023,0,Drop-off,2046.0,1951.0,1951.0,1588.99,,1,1628.8980010251153,0.9535679374389052
Charlemont,2023,1,Drop-off,523.0,460.0,460.0,161.15,,0,700.6521739130435,0.8795411089866156
Chatham,2023,0,Drop-off,6793.0,6793.0,6793.0,1926.28,292.02,1,567.1367584277933,1.0
Chelmsford,2023,0,Curbside,14102.0,12425.0,12425.0,9172.42,2665.0,1,1476.445875251509,0.8810806977733655
Cheshire,2023,1,Drop-off,1358.0,603.0,603.0,420.06,,0,1393.233830845771,0.44403534609720174
Chester,2023,1,Drop-off,535.0,222.0,222.0,89.72,,0,808.2882882882883,0.41495327102803736
Chesterfield,2023,1,Drop-off,554.0,215.0,215.0,125.68,,0,1169.1162790697674,0.388086642599278
Chicopee,2023,1,Curbside,24335.0,18940.0,18940.0,11551.65,4012.45,0,1219.8152059134109,0.7783028559687692
Clinton,2023,1,Curbside,4597.0,4247.0,4247.0,2314.77,1018.06,0,1090.0729927007299,0.923863389166848
Cohasset,2023,1,Drop-off,3351.0,3351.0,3351.0,1352.75,0.0,0,807.3709340495375,1.0
Colrain,2023,1,Drop-off,726.0,590.0,590.0,229.45,,0,777.7966101694915,0.8126721763085399
Concord,2023,1,Curbside,5619.0,3431.0,3508.0,2200.6,,0,1282.7747012532789,0.610606869549742
Conway,2023,1,Drop-off,696.0,650.0,650.0,371.33,,0,1142.553846153846,0.9339080459770115
Cummington,2023,1,Drop-off,423.0,295.0,295.0,107.0,,0,725.4237288135594,0.6973995271867612
Danvers,2023,0,Both,15388.0,7762.0,7762.0,6356.85,2223.2,1,1637.9412522545736,0.5044190278138809
Dartmouth,2023,1,Both,11718.0,10502.0,10502.0,5529.61,4.51,0,1053.0584650542753,0.8962280252602833
Dedham,2023,0,Curbside,8303.0,7976.0,7976.0,6636.54,2295.37,0,1664.1273821464392,0.9606166445862941
Deerfield,2023,1,Drop-off,1961.0,1235.0,1235.0,452.0,,0,731.9838056680162,0.6297807241203468
Dennis,2023,0,Drop-off,14463.0,7643.0,7643.0,3598.0,,0,941.515111867068,0.5284519117748738
Dighton,2023,1,Curbside,2911.0,2800.0,2800.0,1737.49,681.86,0,1241.0642857142857,0.9618687736173136
Douglas,2023,0,Drop-off,3241.0,1227.0,1227.0,1006.0,,0,1639.7718011409943,0.37858685590867014
Dover,2023,0,Drop-off,2030.0,2030.0,2030.0,1127.2,,0,1110.5418719211823,1.0
Dracut,2023,0,Curbside,12309.0,10715.0,10775.0,10942.0,2887.0,1,2042.3705086327577,0.8705012592412056
Dunstable,2023,1,Curbside,1123.0,431.0,431.0,220.2,132.65,0,1021.8097447795824,0.383793410507569
Duxbury,2023,1,Drop-off,6063.0,5519.0,5519.0,2240.94,0.0,0,812.0818988947273,0.9102754412007257
East Bridgewater,2023,0,Both,5449.0,3023.0,3023.0,3170.0,937.0,1,2097.254383063182,0.5547806937052671
East Brookfield,2023,1,Both,981.0,944.0,981.0,579.21,107.84,1,1227.1398305084747,0.9622833843017329
East Longmeadow,2023,1,Curbside,6126.0,5718.0,5718.0,3773.81,,0,1319.9755159146555,0.9333986287952988
Eastham,2023,0,Drop-off,5780.0,3959.0,3959.0,2097.31,0.0,0,1059.5150290477393,0.6849480968858132
Edgartown,2023,1,Drop-off,4000.0,2000.0,2000.0,1075.0,600.0,0,1075.0,0.5
Egremont,2023,0,Drop-off,840.0,840.0,840.0,392.76,,0,935.1428571428571,1.0
Erving,2023,0,Curbside,671.0,671.0,671.0,326.02,,0,971.7436661698957,1.0
Essex,2023,1,Drop-off,1300.0,1001.0,1001.0,832.94,,1,1664.2157842157842,0.77
Everett,2023,0,Curbside,16337.0,16000.0,16000.0,16400.0,4132.0,1,2050.0,0.9793719777192875
Fairhaven,2023,0,Curbside,7009.0,6846.0,6846.0,4723.1,1378.61,1,1379.813029506281,0.9767441860465116
Fall River,2023,0,Both,36884.0,31461.0,31461.0,28787.85,7161.19,1,1830.0657957471155,0.8529714781477064
Falmouth,2023,0,Both,30000.0,21394.0,21394.0,10756.4,2912.02,1,1005.552958773488,0.7131333333333333
Florida,2023,0,Drop-off,350.0,238.0,238.0,234.29,,0,1968.8235294117646,0.68
Framingham,2023,0,Both,27810.0,18472.0,18472.0,18400.59,4995.25,1,1992.2682979644867,0.6642215030564546
Franklin,2023,0,Curbside,10146.0,9780.0,9780.0,7238.61,2783.72,0,1480.2883435582821,0.9639266706091071
Freetown,2023,1,Curbside,3372.0,2565.0,2565.0,1622.62,778.03,0,1265.2007797270956,0.7606761565836299
Gardner,2023,0,Both,8973.0,6724.0,6724.0,4685.0,1499.0,0,1393.515764425937,0.7493591886771426
Gill,2023,1,Curbside,559.0,559.0,559.0,169.57,,0,606.6905187835421,1.0
Gloucester,2023,1,Curbside,14500.0,13750.0,13750.0,6927.48,3062.93,1,1007.6334545454546,0.9482758620689655
Goshen,2023,1,Drop-off,559.0,258.0,258.0,126.94,,0,984.031007751938,0.46153846153846156
Grafton,2023,1,Curbside,6341.0,4921.0,4921.0,3679.04,1651.92,1,1495.2408047144888,0.776060558271566
Granville,2023,1,Drop-off,565.0,450.0,500.0,132.33,,1,588.1333333333333,0.7964601769911505
Greenfield,2023,1,Both,5265.0,5048.0,5048.0,3455.59,,1,1369.0927099841522,0.9587844254510921
Groton,2023,1,Drop-off,3969.0,1477.0,3969.0,713.24,,0,965.7955314827353,0.37213403880070545
Groveland,2023,0,Curbside,2618.0,2283.0,2283.0,2486.45,588.77,1,2178.2303985983353,0.8720397249809014
Halifax,2023,0,Curbside,3070.0,1208.0,1800.0,598.36,259.37,0,990.6622516556291,0.393485342019544
Hamilton,2023,1,Curbside,2687.0,2687.0,2687.0,1393.4,1009.6,1,1037.1417938221064,1.0
Hancock,2023,0,Drop-off,315.0,275.0,275.0,203.05,,0,1476.7272727272727,0.873015873015873
Hanover,2023,0,Drop-off,5400.0,5400.0,5400.0,4326.0,,0,1602.2222222222222,1.0
Hanson,2023,1,Drop-off,3650.0,1740.0,1740.0,649.0,261.1,1,745.9770114942529,0.4767123287671233
Harvard,2023,1,Drop-off,2056.0,1340.0,1340.0,597.0,,0,891.044776119403,0.6517509727626459
Harwich,2023,0,Drop-off,10455.0,5141.0,5141.0,4577.0,,0,1780.5874343512935,0.49172644667623144
Haverhill,2023,0,Curbside,23307.0,22819.0,22819.0,20778.05,5472.14,1,1821.1183662737192,0.9790620843523405
Heath,2023,1,Drop-off,383.0,353.0,353.0,127.67,,0,723.342776203966,0.9216710182767625
Hingham,2023,0,Drop-off,7390.0,7390.0,7390.0,5063.3,,0,1370.3112313937754,1.0
Hinsdale,2023,1,Drop-off,742.0,312.0,312.0,302.4,,0,1938.4615384615386,0.42048517520215634
Holden,2023,0,Curbside,7158.0,6153.0,6153.0,5093.17,1625.0,0,1655.5078823338208,0.8595976529756916
Holliston,2023,1,Curbside,5226.0,4875.0,4875.0,3120.0,1530.0,1,1280.0,0.9328358208955224
Hopkinton,2023,0,Curbside,6674.0,5200.0,5200.0,4103.75,1497.68,1,1578.3653846153845,0.7791429427629607
Huntington,2023,1,Drop-off,954.0,503.0,503.0,283.99,,0,1129.1848906560635,0.5272536687631028
Ipswich,2023,1,Curbside,6583.0,5078.0,5196.0,2761.97,1619.36,1,1087.8180385978733,0.771380829409084
Kingston,2023,0,Drop-off,4786.0,3500.0,3500.0,2568.1,,0,1467.4857142857143,0.7312996239030506
Lakeville,2023,1,Drop-off,4979.0,1545.0,1545.0,495.54,0.0,0,641.4757281553398,0.3103032737497489
Lawrence,2023,0,Curbside,35222.0,26132.0,26132.0,28686.24,4603.0,0,2195.487524873718,0.7419226619726308
Leominster,2023,0,Both,14927.0,11529.0,11529.0,10650.0,3050.0,1,1847.5149622690606,0.772358812889395
Leverett,2023,1,Drop-off,760.0,644.0,644.0,144.72,,0,449.44099378881987,0.8473684210526315
Lexington,2023,0,Curbside,11857.0,11268.0,11643.0,8014.0,3380.0,1,1422.435214767483,0.9503247027072615
Lincoln,2023,0,Drop-off,1949.0,1949.0,1949.0,602.38,304.0,1,618.1426372498718,1.0
Littleton,2023,1,Drop-off,3472.0,1732.0,1732.0,750.38,,0,866.4896073903002,0.4988479262672811
Longmeadow,2023,1,Curbside,5779.0,5550.0,5550.0,3128.3,0.0,0,1127.3153153153153,0.9603737670877315
Lowell,2023,0,Curbside,40000.0,35006.0,35006.0,25333.61,6882.0,1,1447.386733702794,0.87515
Ludlow,2023,1,Both,7206.0,7132.0,7132.0,5272.0,,0,1478.4071789119462,0.9897307799056342
Lunenburg,2023,1,Curbside,4289.0,3689.0,4289.0,1718.4,972.0,0,931.6345893195988,0.8601072511074843
Lynn,2023,0,Curbside,33122.0,27000.0,27000.0,27948.02,7465.39,1,2070.223703703704,0.8151681661735403
Lynnfield,2023,0,Curbside,4590.0,4350.0,4350.0,4339.63,902.94,1,1995.232183908046,0.9477124183006536
Malden,2023,1,Curbside,25000.0,17100.0,17100.0,11631.0,4154.98,1,1360.3508771929824,0.684
Manchester,2023,1,Curbside,2271.0,2271.0,2271.0,1095.65,744.98,1,964.9053280493175,1.0
Mansfield,2023,0,Curbside,8030.0,7204.0,7204.0,5132.0,2094.0,0,1424.7640199888951,0.8971357409713574
Marblehead,2023,0,Both,8000.0,8000.0,8000.0,4732.98,2582.4,0,1183.245,1.0
Marion,2023,0,Both,2783.0,2783.0,2783.0,1916.99,558.1,0,1377.6428314768236,1.0
Marlborough,2023,0,Both,12000.0,12000.0,12000.0,9234.57,2964.5,0,1539.095,1.0
Marshfield,2023,1,Both,9663.0,9545.0,9545.0,6017.0,3009.0,1,1260.7647983237298,0.9877884714891856
Mashpee,2023,0,Drop-off,10212.0,4548.0,5121.0,2992.0,,0,1315.7431838170623,0.44535840188014103
Mattapoisett,2023,0,Both,4050.0,4050.0,4050.0,2031.56,675.51,0,1003.2395061728395,1.0
Maynard,2023,0,Curbside,5496.0,4500.0,4500.0,1943.59,984.0,0,863.8177777777778,0.8187772925764192
Medfield,2023,0,Drop-off,4536.0,3295.0,3295.0,2449.72,688.13,1,1486.9317147192717,0.7264109347442681
Medford,2023,0,Curbside,23016.0,19500.0,19500.0,15034.0,5001.0,1,1541.948717948718,0.8472367049009385
Medway,2023,1,Both,5182.0,4232.0,4232.0,3982.18,1477.58,1,1881.9376181474481,0.8166730991895021
Melrose,2023,0,Curbside,11996.0,8591.0,8591.0,6876.5,2797.76,1,1600.8613665463859,0.7161553851283762
Merrimac,2023,1,Curbside,3539.0,1266.0,1969.0,581.66,557.9,1,918.8941548183254,0.3577281717999435
Methuen,2023,0,Both,19043.0,14900.0,14800.0,14632.0,4000.55,1,1964.0268456375838,0.7824397416373471
Middleborough,2023,0,Both,7545.0,6658.0,6658.0,5334.0,1740.5,0,1602.2829678582157,0.8824387011265739
Middlefield,2023,0,Drop-off,278.0,204.0,204.0,114.63,,0,1123.8235294117646,0.7338129496402878
Milford,2023,0,Curbside,10547.0,10500.0,10500.0,10987.0,1548.0,1,2092.7619047619046,0.9955437565184413
Millbury,2023,0,Drop-off,5165.0,3769.0,3769.0,3360.0,155.0,1,1782.966304059432,0.7297192642787996
Milton,2023,1,Curbside,9555.0,8937.0,9395.0,6464.0,3346.59,1,1446.5704375069934,0.9353218210361067
Monroe,2023,0,Curbside,73.0,73.0,73.0,49.76,0.88,0,1363.2876712328766,1.0
Monson,2023,0,Curbside,2957.0,2826.0,2826.0,2764.61,550.53,1,1956.553432413305,0.9556983429151167
Montague,2023,1,Curbside,3430.0,2424.0,2424.0,1272.75,,0,1050.1237623762377,0.7067055393586006
Monterey,2023,0,Drop-off,902.0,571.0,571.0,235.3,0.0,0,824.1681260945709,0.6330376940133038
Nahant,2023,0,Curbside,1300.0,1300.0,1300.0,1035.21,398.64,1,1592.6307692307691,1.0
Nantucket,2023,0,Drop-off,9036.0,9036.0,9036.0,7027.57,,1,1555.4603806994246,1.0
Natick,2023,1,Curbside,13592.0,10712.0,10712.0,5793.0,3224.83,1,1081.5907393577297,0.7881106533254856
Needham,2023,1,Drop-off,14819.0,5500.0,5500.0,2329.0,268.0,0,846.9090909090909,0.37114515149470273
New Bedford,2023,0,Curbside,41772.0,38295.0,41595.0,30356.37,7467.93,1,1585.3960047003525,0.9167624245906348
New Marlborough,2023,0,Drop-off,970.0,434.0,434.0,215.9,,0,994.9308755760369,0.44742268041237115
New Salem,2023,1,Drop-off,439.0,242.0,242.0,140.26,,0,1159.1735537190082,0.55125284738041
Newbury,2023,1,Drop-off,2972.0,1987.0,2354.0,843.68,,0,849.1997986914947,0.6685733512786003
Newburyport,2023,0,Curbside,9435.0,8187.0,8187.0,5404.85,2071.94,1,1320.3493343104922,0.8677265500794913
Newton,2023,0,Curbside,31375.0,28500.0,28500.0,16946.51,8076.1,1,1189.2287719298245,0.9083665338645418
Norfolk,2023,1,Drop-off,3952.0,1264.0,1264.0,421.0,0.0,0,666.1392405063291,0.31983805668016196
North Andover,2023,0,Curbside,12250.0,8350.0,8350.0,8027.36,2092.77,1,1922.7209580838323,0.6816326530612244
North Attleborough,2023,1,Both,10391.0,8889.0,8906.0,5274.58,2727.28,1,1186.765665429182,0.8554518333172938
North Brookfield,2023,1,Drop-off,1800.0,975.0,975.0,566.79,,1,1162.6461538461538,0.5416666666666666
North Reading,2023,0,Curbside,5546.0,4470.0,4470.0,4279.49,1378.79,1,1914.7606263982102,0.8059862964298593
Northborough,2023,1,Curbside,5966.0,5039.0,5039.0,2113.0,928.7,1,838.6584639809486,0.8446195105598391
Northfield,2023,1,Drop-off,1235.0,783.0,783.0,372.5,,0,951.4687100893998,0.6340080971659919
Norwell,2023,1,Curbside,3702.0,3590.0,3590.0,2623.63,1373.73,1,1461.632311977716,0.9697460831982712
Norwood,2023,0,Curbside,12628.0,9711.0,9711.0,6380.09,3777.51,0,1313.9923797755123,0.7690053848590434
Oak Bluffs,2023,1,Both,4248.0,3186.0,4237.0,740.0,,0,464.5323289391086,0.75
Orange,2023,1,Drop-off,2892.0,1267.0,1267.0,446.34,,0,704.561957379637,0.4381051175656985
Orleans,2023,0,Drop-off,5370.0,3850.0,3850.0,1555.0,0.0,0,807.7922077922078,0.7169459962756052
Otis,2023,0,Drop-off,1750.0,1200.0,1200.0,576.09,,0,960.15,0.6857142857142857
Paxton,2023,0,Curbside,1610.0,1610.0,1610.0,1390.07,0.0,0,1726.7950310559006,1.0
Peabody,2023,0,Curbside,17363.0,14000.0,14000.0,16251.73,,1,2321.675714285714,0.8063122732246731
Pembroke,2023,0,Curbside,6841.0,6841.0,6841.0,5291.86,1669.82,1,1547.101300979389,1.0
Pepperell,2023,1,Drop-off,4240.0,1467.0,1467.0,684.48,0.0,0,933.1697341513293,0.34599056603773587
Peru,2023,1,Drop-off,380.0,237.0,237.0,163.01,,1,1375.6118143459917,0.6236842105263158
Petersham,2023,1,Drop-off,507.0,296.0,296.0,226.47,,1,1530.2027027027027,0.5838264299802761
Phillipston,2023,1,Drop-off,823.0,384.0,384.0,180.05,,0,937.7604166666666,0.4665856622114216
Pittsfield,2023,0,Curbside,19315.0,17409.0,17409.0,16396.0,,1,1883.6234131770923,0.9013202174475796
Plainfield,2023,1,Drop-off,308.0,195.0,195.0,70.33,,0,721.3333333333334,0.6331168831168831
Plainville,2023,1,Curbside,4067.0,2589.0,2589.0,1400.0,726.18,0,1081.49864812669,0.6365871649864765
Plympton,2023,1,Drop-off,1200.0,750.0,750.0,639.88,51.59,0,1706.3466666666666,0.625
Provincetown,2023,0,Both,2980.0,2980.0,2980.0,2838.0,1023.0,0,1904.6979865771812,1.0
Quincy,2023,0,Curbside,49516.0,34700.0,34700.0,28755.0,4859.0,0,1657.3487031700288,0.7007835851038048
Randolph,2023,0,Curbside,12294.0,9567.0,9567.0,10706.0,2185.0,1,2238.110170377339,0.7781844802342606
Raynham,2023,1,Drop-off,4629.0,1459.0,1459.0,708.22,,1,970.8293351610693,0.3151868654136963
Reading,2023,0,Curbside,9560.0,8878.0,8878.0,6664.74,2469.39,1,1501.4057220094617,0.9286610878661088
Revere,2023,0,Curbside,25000.0,22000.0,21000.0,17523.0,3450.98,0,1593.0,0.88
Richmond,2023,0,Curbside,818.0,818.0,818.0,1008.0,125.3,0,2464.547677261614,1.0
Rochester,2023,0,Both,2059.0,2059.0,2059.0,1563.28,378.2,0,1518.4847013113163,1.0
Rockland,2023,0,Curbside,5468.0,5078.0,5078.0,4415.47,1151.0,0,1739.0586845214652,0.9286759326993417
Rockport,2023,1,Drop-off,4959.0,3148.0,3148.0,1978.22,0.0,1,1256.8106734434562,0.6348054043153861
Rowe,2023,1,Drop-off,215.0,190.0,190.0,89.65,,0,943.6842105263158,0.8837209302325582
Royalston,2023,1,Drop-off,576.0,275.0,275.0,155.1,,0,1128.0,0.4774305555555556
Russell,2023,1,Drop-off,565.0,435.0,435.0,241.83,,0,1111.8620689655172,0.7699115044247787
Salem,2023,0,Curbside,19887.0,17050.0,17050.0,11204.03,3593.42,1,1314.2557184750733,0.8573439935636346
Sandisfield,2023,0,Drop-off,595.0,450.0,450.0,219.38,,0,975.0222222222222,0.7563025210084033
Sandwich,2023,1,Drop-off,8500.0,5000.0,5000.0,2369.0,,0,947.6,0.5882352941176471
Saugus,2023,0,Curbside,10672.0,8768.0,8773.0,8679.11,2154.25,1,1979.723996350365,0.8215892053973014
Savoy,2023,1,Drop-off,300.0,198.0,198.0,105.86,,0,1069.2929292929293,0.66
Scituate,2023,1,Drop-off,8040.0,5300.0,5300.0,3100.0,,0,1169.811320754717,0.6592039800995025
Seekonk,2023,1,Curbside,5332.0,5236.0,5236.0,3054.9,2311.0,0,1166.8831168831168,0.9819954988747187
Sharon,2023,0,Curbside,6714.0,5491.0,5491.0,4358.47,2020.49,0,1587.495902385722,0.8178433124813822
Sheffield,2023,0,Drop-off,1730.0,905.0,916.0,493.52,,0,1090.6519337016575,0.523121387283237
Shelburne,2023,1,Drop-off,785.0,600.0,600.0,221.32,,0,737.7333333333333,0.7643312101910829
Sherborn,2023,0,Drop-off,1495.0,1495.0,1495.0,1450.75,,1,1940.8026755852843,1.0
Shirley,2023,0,Curbside,2466.0,1722.0,1722.0,1330.66,413.93,0,1545.4819976771196,0.6982968369829684
Shrewsbury,2023,1,Curbside,13153.0,10165.0,10165.0,5861.19,0.0,1,1153.210034431874,0.7728274918269596
Shutesbury,2023,1,Curbside,881.0,881.0,881.0,319.98,,0,726.4018161180477,1.0
Somerset,2023,1,Both,7394.0,6900.0,6900.0,3549.85,2147.78,1,1028.9420289855072,0.9331890722207195
Somerville,2023,0,Curbside,28000.0,26250.0,26250.0,16661.72,6318.85,0,1269.4643809523811,0.9375
South Hadley,2023,1,Both,6549.0,6549.0,6549.0,3036.86,,1,927.4270881050542,1.0
Southampton,2023,1,Drop-off,2322.0,982.0,982.0,503.64,0.0,0,1025.7433808553972,0.42291128337639966
Southborough,2023,0,Drop-off,3672.0,2378.0,2378.0,2348.0,,1,1974.7687132043734,0.6476034858387799
Southbridge,2023,0,Curbside,8836.0,6421.0,6421.0,4666.0,1205.0,0,1453.356175050615,0.7266862833861476
Southwick,2023,0,Drop-off,3605.0,2114.0,2145.0,2008.0,,1,1899.7161778618731,0.5864077669902913
Spencer,2023,1,Drop-off,3840.0,1642.0,1642.0,1239.95,296.54,0,1510.2923264311814,0.4276041666666667
Springfield,2023,0,Curbside,61000.0,40000.0,40000.0,44236.83,7356.76,0,2211.8415,0.6557377049180327
Sterling,2023,0,Curbside,3000.0,2893.0,2893.0,2185.78,907.85,0,1511.081921880401,0.9643333333333334
Stockbridge,2023,0,Drop-off,2000.0,1533.0,1533.0,484.48,,0,632.0678408349642,0.7665
Stoneham,2023,0,Curbside,11493.0,5900.0,5900.0,5880.2,1872.7,1,1993.2881355932204,0.5133559557991821
Stoughton,2023,0,Curbside,8874.0,7211.0,7211.0,8619.08,201.49,0,2390.536680072112,0.8125986026594546
Sturbridge,2023,1,Drop-off,4109.0,1952.0,1952.0,260.0,0.0,0,266.39344262295083,0.47505475784862494
Sutton,2023,1,Drop-off,3606.0,1180.0,1180.0,427.0,,1,723.728813559322,0.32723239046034386
Swampscott,2023,1,Curbside,6260.0,5070.0,5070.0,3317.78,1609.5,1,1308.7889546351084,0.8099041533546326
Swansea,2023,1,Curbside,6520.0,6158.0,6158.0,3305.56,1884.3,0,1073.58233192595,0.944478527607362
Taunton,2023,1,Curbside,20846.0,18423.0,20723.0,12746.87,5000.28,1,1383.7995983281767,0.8837666698647223
Tewksbury,2023,0,Curbside,10126.0,10126.0,10126.0,11178.35,2803.32,1,2207.8510764368953,1.0
Tolland,2023,0,Drop-off,514.0,330.0,330.0,107.59,0.0,0,652.060606060606,0.642023346303502
Topsfield,2023,1,Curbside,2220.0,2220.0,2220.0,1778.44,,1,1602.1981981981983,1.0
Townsend,2023,0,Curbside,3346.0,3100.0,3100.0,2052.0,745.0,0,1323.8709677419354,0.9264793783622236
Truro,2023,0,Drop-off,3346.0,1889.0,1889.0,955.8,439.1,0,1011.9640021175225,0.564554692169755
Tyngsborough,2023,0,Curbside,4811.0,3951.0,3951.0,3220.6,935.69,1,1630.2708175145533,0.8212429848264394
Upton,2023,1,Curbside,2808.0,2450.0,2460.0,1465.0,845.72,0,1195.9183673469388,0.8725071225071225
Wakefield,2023,0,Curbside,8681.0,8571.0,8571.0,6729.75,2127.68,1,1570.3535176758837,0.9873286487731828
Walpole,2023,0,Curbside,8713.0,7350.0,7350.0,7608.22,1743.09,1,2070.2639455782314,0.8435670836680822
Waltham,2023,0,Curbside,23891.0,18837.0,18837.0,16368.59,5146.14,1,1737.9189892233371,0.7884559038968649
Wareham,2023,0,Both,13003.0,7345.0,7345.0,6832.2,1656.16,0,1860.3675970047652,0.5648696454664308
Warren,2023,1,Drop-off,2226.0,920.0,920.0,502.0,0.0,0,1091.304347826087,0.4132973944294699
Warwick,2023,1,Drop-off,370.0,323.0,323.0,64.2,,0,397.5232198142415,0.8729729729729729
Washington,2023,0,Drop-off,249.0,249.0,249.0,132.74,,0,1066.1847389558234,1.0
Watertown,2023,0,Curbside,13500.0,10050.0,10050.0,8327.0,2490.0,1,1657.1144278606964,0.7444444444444445
Wellesley,2023,0,Drop-off,9315.0,9315.0,9315.0,5058.0,0.0,1,1085.9903381642512,1.0
Wellfleet,2023,1,Drop-off,3669.0,3309.0,3309.0,774.14,,0,467.899667573285,0.901880621422731
Wendell,2023,1,Drop-off,394.0,355.0,355.0,135.74,,0,764.7323943661971,0.9010152284263959
Wenham,2023,1,Curbside,1235.0,1154.0,1154.0,799.8,510.7,1,1386.1351819757365,0.934412955465587
West Boylston,2023,1,Curbside,2802.0,2472.0,2472.0,1599.14,484.17,0,1293.8025889967637,0.8822269807280514
West Bridgewater,2023,0,Drop-off,3378.0,1802.0,1802.0,1747.0,321.03,0,1938.9567147613764,0.5334517465956187
West Springfield,2023,0,Curbside,12500.0,8860.0,8860.0,6829.41,1916.08,1,1541.627539503386,0.7088
West Tisbury,2023,1,Drop-off,1862.0,850.0,850.0,265.0,179.0,0,623.5294117647059,0.4564983888292159
Westborough,2023,0,Drop-off,7980.0,3570.0,7980.0,4183.69,,1,2343.803921568627,0.4473684210526316
Westford,2023,0,Curbside,9485.0,7563.0,7521.0,6829.95,2101.5,1,1806.148353827846,0.7973642593568793
Westhampton,2023,1,Drop-off,695.0,376.0,376.0,163.95,,0,872.0744680851063,0.5410071942446043
Westminster,2023,0,Drop-off,3651.0,3042.0,3248.0,2264.0,,0,1488.4944115713347,0.8331963845521775
Weston,2023,1,Drop-off,3600.0,1840.0,1840.0,625.47,0.0,1,679.8586956521739,0.5111111111111111
Westwood,2023,0,Curbside,5377.0,5089.0,5377.0,4020.3,1644.85,0,1579.9960699548044,0.9464385344987911
Weymouth,2023,0,Both,20188.0,17659.0,17659.0,15961.1,4249.0,0,1807.7014553485474,0.8747275609272835
Whately,2023,1,Drop-off,644.0,475.0,475.0,128.12,,0,539.4526315789474,0.7375776397515528
Whitman,2023,0,Curbside,5371.0,4596.0,4596.0,3736.1,1328.0,0,1625.805047867711,0.8557065723328989
Wilbraham,2023,1,Drop-off,5530.0,1749.0,1749.0,658.0,,1,752.4299599771298,0.31627486437613017
Williamsburg,2023,0,Drop-off,1147.0,900.0,900.0,422.12,,0,938.0444444444445,0.7846556233653008
Williamstown,2023,1,Drop-off,2252.0,1094.0,1094.0,298.74,,0,546.1425959780621,0.4857904085257549
Wilmington,2023,0,Curbside,7212.0,7212.0,2374.0,6355.0,2300.0,1,1762.3405435385469,1.0
Winchester,2023,0,Drop-off,7990.0,5024.0,5024.0,4474.0,1019.0,1,1781.0509554140128,0.6287859824780976
Windsor,2023,1,Drop-off,400.0,285.0,285.0,132.3,,0,928.421052631579,0.7125
Winthrop,2023,0,Curbside,8242.0,5785.0,5785.0,4867.26,1433.66,1,1682.7173725151254,0.7018927444794952
Woburn,2023,0,Curbside,11756.0,11546.0,11546.0,12934.0,2165.21,1,2240.429586003811,0.9821367812181014
Worcester,2023,1,Curbside,67000.0,57565.0,67000.0,25278.0,9944.46,0,878.2419873186832,0.8591791044776119
Worthington,2023,1,Drop-off,533.0,308.0,308.0,163.1,,0,1059.090909090909,0.5778611632270169
Wrentham,2023,1,Curbside,4393.0,4162.0,4178.0,3066.78,1287.18,0,1473.7049495434887,0.947416344183929
Yarmouth,2023,0,Drop-off,15415.0,8905.0,9575.0,8463.22,0.0,0,1900.7793374508703,0.577684073953941
Abington,2024,0,Curbside,5267.0,4610.0,4917.0,4336.59,1494.41,1,1881.3839479392625,0.8752610594266186
Acton,2024,1,Drop-off,10385.0,4256.0,4671.0,1898.89,,1,892.3355263157895,0.40982185844968705
Agawam,2024,0,Curbside,12220.0,8937.0,8937.0,6666.0,2011.0,0,1491.775763679087,0.731342062193126
Alford,2024,0,Drop-off,324.0,324.0,324.0,148.46,,0,916.4197530864197,1.0
Andover,2024,0,Curbside,15458.0,10607.0,10607.0,10174.94,2631.07,1,1918.5330442160837,0.6861819122784318
Aquinnah,2024,1,Drop-off,403.0,225.0,225.0,98.99,73.82,0,879.9111111111112,0.5583126550868487
Arlington,2024,0,Curbside,20311.0,20311.0,20311.0,10710.0,4518.0,1,1054.600955147457,1.0
Ashfield,2024,1,Drop-off,717.0,592.0,592.0,281.01,,0,949.3581081081081,0.8256624825662483
Ashland,2024,1,Curbside,6350.0,5732.0,5732.0,2632.84,1717.55,1,918.6461967899512,0.9026771653543307
Attleboro,2024,1,Curbside,15589.0,14574.0,14574.0,9488.54,4320.55,1,1302.1188417730204,0.9348899865289627
Auburn,2024,0,Curbside,7647.0,5214.0,5214.0,4487.0,1280.13,0,1721.1354046797085,0.6818360141231855
Avon,2024,0,Curbside,1489.0,1477.0,1477.0,1862.14,439.68,0,2521.516587677725,0.9919408999328408
Ayer,2024,1,Drop-off,3256.0,1208.0,1208.0,498.85,206.22,1,825.9105960264901,0.371007371007371
Barnstable,2024,0,Drop-off,25711.0,8757.0,8757.0,7845.97,,0,1791.9310266072855,0.34059352028314727
Barre,2024,1,Drop-off,2181.0,1009.0,1009.0,628.7,,0,1246.1843409316155,0.4626318202659331
Becket,2024,1,Drop-off,1749.0,1749.0,1749.0,339.37,,0,388.07318467695825,1.0
Bedford,2024,0,Curbside,6575.0,4726.0,4726.0,3438.22,1259.44,1,1455.0232754972492,0.7187832699619772
Belmont,2024,0,Curbside,10358.0,9930.0,9930.0,5987.87,2311.67,1,1206.0161127895267,0.9586792817146167
Berkley,2024,1,Drop-off,2847.0,1160.0,1160.0,644.62,,1,1111.4137931034484,0.40744643484369514
Berlin,2024,0,Drop-off,1301.0,846.0,846.0,516.0,18.74,1,1219.8581560283687,0.6502690238278247
Bernardston,2024,1,Drop-off,863.0,700.0,700.0,328.29,,0,937.9714285714285,0.8111239860950173
Beverly,2024,0,Curbside,18200.0,13200.0,13200.0,10247.33,,0,1552.6257575757577,0.7252747252747253
Billerica,2024,0,Curbside,15453.0,13811.0,13811.0,12538.0,4001.0,1,1815.6541886901746,0.8937423154080114
Blackstone,2024,0,Curbside,3668.0,3668.0,3668.0,2703.0,,0,1473.8276990185386,1.0
Blandford,2024,0,Drop-off,900.0,297.0,297.0,162.84,0.0,0,1096.5656565656566,0.33
Bolton,2024,1,Drop-off,2167.0,1200.0,2167.0,605.86,36.48,0,1009.7666666666667,0.5537609598523304
Boston,2024,0,Curbside,322000.0,272500.0,272500.0,186305.0,34259.0,1,1367.3761467889908,0.8462732919254659
Boxborough,2024,0,Drop-off,2534.0,1001.0,1001.0,678.67,293.96,0,1355.984015984016,0.39502762430939226
Boxford,2024,0,Curbside,2865.0,2410.0,2498.0,1966.0,1475.0,0,1631.5352697095436,0.8411867364746946
Braintree,2024,0,Both,12279.0,10639.0,10639.0,10811.0,2710.0,1,2032.3338659648464,0.8664386350680022
Brewster,2024,1,Drop-off,7206.0,3832.0,3832.0,1088.8,,0,568.2672233820459,0.5317790729947266
Brimfield,2024,0,Curbside,2200.0,2200.0,2200.0,572.43,206.92,1,520.3909090909091,1.0
Brockton,2024,1,Curbside,30200.0,26586.0,26586.0,26692.0,7245.0,1,2007.9741217181975,0.8803311258278146
Brookfield,2024,1,Drop-off,1194.0,625.0,625.0,401.0,177.0,1,1283.2,0.5234505862646566
Brookline,2024,1,Curbside,27452.0,14736.0,14736.0,8068.16,3954.5,1,1095.0271444082518,0.5367914906017777
Buckland,2024,1,Drop-off,794.0,402.0,402.0,214.34,,0,1066.3681592039802,0.5062972292191436
Burlington,2024,0,Curbside,7280.0,6985.0,6985.0,5495.83,2157.14,1,1573.6091624910523,0.959478021978022
Cambridge,2024,0,Curbside,58000.0,32771.0,48500.0,12631.0,8134.0,1,770.8644838424217,0.5650172413793103
Carlisle,2024,0,Drop-off,2046.0,1900.0,1900.0,1556.1,,1,1638.0,0.9286412512218963
Charlemont,2024,1,Drop-off,524.0,460.0,460.0,144.71,,0,629.1739130434783,0.8778625954198473
Chatham,2024,0,Drop-off,6245.0,3846.0,430.0,2023.0,0.0,1,1052.0020800832033,0.6158526821457165
Chelmsford,2024,0,Curbside,14134.0,12503.0,12503.0,10351.93,3166.78,1,1655.9113812684955,0.8846044997877459
Cheshire,2024,1,Drop-off,1358.0,610.0,610.0,376.97,,0,1235.967213114754,0.4491899852724595
Chesterfield,2024,1,Drop-off,554.0,267.0,267.0,120.21,,0,900.4494382022472,0.48194945848375453
Chicopee,2024,1,Curbside,24353.0,18958.0,18958.0,11760.68,3903.47,0,1240.7089355417238,0.7784667186794235
Clinton,2024,1,Curbside,4604.0,4254.0,4254.0,2425.15,985.77,0,1140.173953925717,0.9239791485664639
Cohasset,2024,1,Drop-off,3355.0,3043.0,3043.0,1329.2,,0,873.6115675320408,0.9070044709388971
Colrain,2024,1,Drop-off,732.0,600.0,600.0,226.48,,0,754.9333333333333,0.819672131147541
Concord,2024,1,Curbside,5633.0,3670.0,3738.0,2160.75,315.92,0,1177.5204359673025,0.6515178412923842
Conway,2024,1,Drop-off,695.0,650.0,650.0,313.24,,0,963.8153846153846,0.935251798561151
Cummington,2024,1,Drop-off,423.0,295.0,295.0,123.9,,0,840.0,0.6973995271867612
Danvers,2024,0,Both,15388.0,7938.0,7938.0,6107.73,2432.59,1,1538.8586545729404,0.5158565115674552
Dartmouth,2024,1,Both,11869.0,10513.0,10513.0,5681.8,0.0,0,1080.9093503281651,0.885752801415452
Dedham,2024,0,Curbside,8788.0,8610.0,8610.0,6871.83,2173.24,0,1596.2439024390244,0.9797451069640418
Deerfield,2024,1,Drop-off,1963.0,1383.0,1383.0,448.83,,0,649.0672451193059,0.7045338767193072
Dennis,2024,0,Drop-off,14528.0,7733.0,7733.0,3556.0,0.0,0,919.6948144316565,0.5322824889867841
Dighton,2024,1,Curbside,2982.0,2881.0,2881.0,1780.49,710.18,0,1236.022214508851,0.966130114017438
Douglas,2024,0,Drop-off,3302.0,1208.0,1208.0,1008.0,,0,1668.8741721854306,0.3658388855239249
Dover,2024,0,Drop-off,2030.0,2030.0,2030.0,1165.9,,0,1148.6699507389162,1.0
Dracut,2024,0,Curbside,12319.0,10725.0,10785.0,10849.0,2831.0,1,2023.1235431235432,0.8706063803880185
Dunstable,2024,1,Curbside,1117.0,460.0,460.0,193.96,134.84,0,843.304347826087,0.41181736794986573
Duxbury,2024,1,Drop-off,6163.0,5753.0,5753.0,2178.64,0.0,0,757.39266469668,0.9334739574882363
East Bridgewater,2024,0,Both,5461.0,3100.0,3137.0,3240.0,968.0,1,2090.3225806451615,0.56766160043948
East Brookfield,2024,1,Both,985.0,890.0,890.0,495.19,147.0,0,1112.7865168539327,0.9035532994923858
East Longmeadow,2024,1,Curbside,6126.0,5725.0,5725.0,3815.27,,0,1332.8454148471615,0.9345412993796931
Eastham,2024,0,Drop-off,5735.0,3997.0,3997.0,4066.73,,0,2034.8911683762822,0.6969485614646905
Edgartown,2024,1,Drop-off,4442.0,2300.0,2300.0,1450.0,416.0,0,1260.8695652173913,0.5177847816298965
Egremont,2024,0,Drop-off,846.0,846.0,846.0,318.7,,0,753.4278959810874,1.0
Erving,2024,0,Curbside,672.0,672.0,672.0,353.75,,0,1052.827380952381,1.0
Everett,2024,0,Curbside,16337.0,13187.0,13187.0,16855.4,4034.11,1,2556.3661181466596,0.8071861418865153
Fairhaven,2024,0,Curbside,7023.0,6781.0,7023.0,4871.0,1421.0,0,1436.6612594012684,0.9655417912572974
Fall River,2024,0,Both,35837.0,31461.0,31461.0,30027.26,7495.14,1,1908.856043990973,0.8778915645840891
Falmouth,2024,0,Both,30000.0,21394.0,21394.0,10753.0,3270.0,0,1005.2351126484061,0.7131333333333333
Florida,2024,0,Drop-off,350.0,253.0,253.0,220.94,,0,1746.5612648221345,0.7228571428571429
Framingham,2024,0,Both,27810.0,18416.0,18416.0,18217.0,5184.0,1,1978.3883579496091,0.6622078389068681
Freetown,2024,1,Curbside,3372.0,2800.0,2800.0,1622.62,787.3,0,1159.0142857142857,0.830367734282325
Gardner,2024,1,Both,8937.0,6733.0,7733.0,5398.0,1715.0,0,1603.4457151344127,0.7533848047443213
Gill,2024,1,Curbside,559.0,559.0,559.0,165.4,,0,591.7710196779964,1.0
Gloucester,2024,1,Curbside,14500.0,13750.0,13750.0,6812.45,3044.25,1,990.9018181818182,0.9482758620689655
Goshen,2024,1,Drop-off,559.0,258.0,258.0,134.43,,0,1042.093023255814,0.46153846153846156
Grafton,2024,1,Curbside,6341.0,5062.0,5062.0,3599.52,1705.97,1,1422.1730541288027,0.7982967986122063
Granville,2024,1,Drop-off,565.0,400.0,500.0,134.5,,1,672.5,0.7079646017699115
Greenfield,2024,1,Both,5265.0,5048.0,5048.0,3705.43,,1,1468.0784469096673,0.9587844254510921
Groton,2024,1,Drop-off,3996.0,1514.0,3996.0,683.2,,0,902.5099075297226,0.3788788788788789
Groveland,2024,0,Curbside,2618.0,2210.0,2210.0,1933.31,565.75,0,1749.6018099547512,0.8441558441558441
Halifax,2024,0,Curbside,3026.0,1119.0,1549.0,865.23,247.53,1,1546.4343163538874,0.3697951090548579
Hamilton,2024,1,Curbside,2687.0,2687.0,2687.0,1319.2,985.1,1,981.9129140305173,1.0
Hancock,2024,0,Drop-off,315.0,275.0,275.0,229.48,,0,1668.9454545454546,0.873015873015873
Hanover,2024,0,Drop-off,5400.0,5400.0,5400.0,4459.81,0.0,0,1651.7814814814815,1.0
Hanson,2024,1,Drop-off,3664.0,1700.0,1700.0,652.14,240.59,1,767.2235294117647,0.46397379912663755
Harvard,2024,1,Drop-off,2053.0,1141.0,1141.0,567.72,0.0,0,995.1270815074496,0.5557720409157331
Harwich,2024,0,Drop-off,9528.0,5368.0,5368.0,4565.0,,0,1700.8196721311476,0.563392107472712
Haverhill,2024,0,Curbside,23296.0,22971.0,23296.0,21054.15,4618.55,1,1833.106960950764,0.9860491071428571
Heath,2024,1,Drop-off,380.0,347.0,347.0,109.13,,0,628.9913544668588,0.9131578947368421
Hingham,2024,0,Drop-off,8823.0,8823.0,8823.0,5118.38,,0,1160.235747478182,1.0
Hinsdale,2024,1,Drop-off,742.0,345.0,345.0,299.23,,0,1734.6666666666667,0.46495956873315364
Holden,2024,0,Curbside,7180.0,6171.0,6171.0,5025.0,1678.0,0,1628.5853184248906,0.8594707520891365
Holliston,2024,1,Curbside,5226.0,4884.0,4884.0,3460.75,1642.37,1,1417.178542178542,0.9345579793340988
Holyoke,2024,0,Both,15524.0,9425.0,9425.0,7560.98,,1,1604.4519893899205,0.607124452460706
Hopkinton,2024,0,Curbside,6674.0,5200.0,5200.0,5243.0,1390.0,1,2016.5384615384614,0.7791429427629607
Hudson,2024,1,Both,7626.0,3014.0,3014.0,1654.0,0.0,0,1097.544790975448,0.3952268554943614
Huntington,2024,1,Drop-off,954.0,390.0,390.0,224.2,,0,1149.7435897435898,0.4088050314465409
Ipswich,2024,1,Curbside,6602.0,5098.0,5108.0,2872.05,1534.95,1,1126.7359748921147,0.7721902453801878
Kingston,2024,0,Drop-off,5004.0,3800.0,3870.0,2761.32,,0,1453.3263157894737,0.759392486011191
Lawrence,2024,1,Curbside,35249.0,26132.0,26132.0,32000.0,3600.0,1,2449.1045461503136,0.7413543646628273
Leominster,2024,0,Both,14945.0,11546.0,11546.0,9858.65,2850.51,1,1707.7169582539407,0.7725660756105721
Leverett,2024,1,Drop-off,762.0,599.0,599.0,153.83,,0,513.6227045075125,0.7860892388451444
Lexington,2024,0,Curbside,11860.0,11271.0,11646.0,7838.0,3350.0,1,1390.826013663384,0.9503372681281619
Lincoln,2024,0,Drop-off,1948.0,1948.0,1948.0,638.56,303.6,1,655.6057494866529,1.0
Littleton,2024,1,Drop-off,3508.0,1780.0,1780.0,769.78,,0,864.9213483146067,0.507411630558723
Longmeadow,2024,1,Curbside,5779.0,5550.0,5550.0,3614.42,,0,1302.4936936936938,0.9603737670877315
Lowell,2024,0,Curbside,42383.0,35127.0,35127.0,25043.25,6563.1,1,1425.8689896660687,0.8287992827312838
Ludlow,2024,1,Both,7261.0,7189.0,7189.0,5385.0,,0,1498.1221310335234,0.9900840104668779
Lunenburg,2024,1,Curbside,4341.0,3741.0,4341.0,1732.95,920.96,0,926.4635124298316,0.861782999308915
Lynn,2024,0,Curbside,33122.0,27000.0,27000.0,27514.57,7588.42,1,2038.1162962962962,0.8151681661735403
Lynnfield,2024,0,Curbside,4663.0,4423.0,4423.0,4207.11,931.24,1,1902.3784761474112,0.9485309886339267
Malden,2024,1,Curbside,25000.0,17100.0,17100.0,12352.91,4164.36,1,1444.7847953216374,0.684
Manchester,2024,1,Curbside,2273.0,2273.0,2273.0,1117.91,762.55,1,983.6427628684557,1.0
Mansfield,2024,0,Curbside,8034.0,7204.0,7204.0,5348.0,1993.0,0,1484.730705163798,0.896689071446353
Marblehead,2024,0,Both,8000.0,8000.0,8000.0,4493.11,2647.84,0,1123.2775,1.0
Marion,2024,0,Both,2784.0,2784.0,2784.0,1950.73,579.68,0,1401.3864942528735,1.0
Marshfield,2024,1,Both,9679.0,9565.0,9565.0,6108.67,2936.9,1,1277.2963930998433,0.9882219237524538
Mashpee,2024,0,Drop-off,10237.0,4538.0,5121.0,3094.0,,0,1363.596297928603,0.4432939337696591
Mattapoisett,2024,0,Both,4639.0,4639.0,4639.0,2604.67,730.0,0,1122.9446001293381,1.0
Maynard,2024,1,Curbside,5496.0,4500.0,4500.0,1847.23,987.0,0,820.9911111111111,0.8187772925764192
Medfield,2024,0,Drop-off,4475.0,3576.0,3576.0,2411.15,735.3,1,1348.5178970917225,0.7991061452513967
Medford,2024,0,Curbside,24572.0,20500.0,20500.0,15085.02,5050.78,0,1471.709268292683,0.8342829236529383
Medway,2024,1,Both,5210.0,4251.0,4251.0,3453.39,1449.58,1,1624.742413549753,0.8159309021113244
Melrose,2024,0,Curbside,11996.0,8902.0,8902.0,6397.28,2269.46,1,1437.268029656257,0.7420806935645216
Merrimac,2024,1,Curbside,3852.0,1250.0,1977.0,545.33,532.31,1,872.528,0.3245067497403946
Methuen,2024,0,Both,18816.0,14900.0,14900.0,15226.0,4022.36,1,2043.758389261745,0.7918792517006803
Middleborough,2024,0,Both,7574.0,6687.0,6687.0,6918.0,1778.92,1,2069.089277703006,0.8828888302086084
Middlefield,2024,0,Drop-off,278.0,204.0,204.0,124.57,,0,1221.2745098039215,0.7338129496402878
Milford,2024,0,Curbside,13000.0,10500.0,10500.0,10268.0,1692.0,1,1955.8095238095239,0.8076923076923077
Milton,2024,1,Curbside,9555.0,8937.0,9395.0,5945.17,3308.12,1,1330.462123755175,0.9353218210361067
Monroe,2024,0,Curbside,72.0,72.0,72.0,60.67,2.5,0,1685.2777777777778,1.0
Monson,2024,0,Curbside,3103.0,3013.0,3013.0,2214.08,550.53,1,1469.6846996349154,0.970995810505962
Montague,2024,1,Curbside,3431.0,2424.0,2424.0,1430.3,,0,1180.1155115511551,0.7064995628096765
Nahant,2024,0,Curbside,1300.0,1300.0,1300.0,967.68,366.95,1,1488.7384615384615,1.0
Nantucket,2024,0,Drop-off,9036.0,9036.0,9036.0,7604.0,,0,1683.045595396193,1.0
Natick,2024,1,Curbside,13612.0,10732.0,10732.0,5785.01,3398.93,1,1078.0860976518823,0.7884219806053482
Needham,2024,1,Drop-off,14819.0,5500.0,5500.0,2345.0,319.0,0,852.7272727272727,0.37114515149470273
New Bedford,2024,0,Curbside,42233.0,38338.0,41595.0,31023.0,8600.0,1,1618.3942824351818,0.9077735420169062
New Marlborough,2024,0,Drop-off,970.0,441.0,441.0,221.23,,0,1003.3106575963719,0.45463917525773195
New Salem,2024,1,Drop-off,442.0,245.0,245.0,149.94,,0,1224.0,0.5542986425339367
Newbury,2024,1,Drop-off,2978.0,1993.0,2360.0,727.14,,0,729.6939287506272,0.6692411014103425
Newburyport,2024,0,Curbside,9273.0,7948.0,7948.0,5287.45,2022.68,1,1330.510820332159,0.8571120457241453
Norfolk,2024,1,Drop-off,3989.0,1369.0,1369.0,404.0,0.0,0,590.2118334550767,0.3431937829029832
North Andover,2024,0,Curbside,12250.0,8200.0,8200.0,8054.37,2095.86,1,1964.480487804878,0.6693877551020408
North Attleborough,2024,1,Both,10391.0,8948.0,8948.0,5603.82,2745.89,1,1252.5301743406349,0.8611298238860552
North Brookfield,2024,1,Drop-off,1800.0,945.0,945.0,600.0,,1,1269.8412698412699,0.525
North Reading,2024,0,Curbside,6058.0,4477.0,4477.0,4306.47,1507.0,1,1923.8195220013401,0.739022779795312
Northborough,2024,1,Curbside,5301.0,5018.0,5018.0,2102.0,958.0,0,837.7839776803507,0.9466138464440672
Northfield,2024,1,Drop-off,1236.0,885.0,885.0,354.96,,0,802.1694915254237,0.7160194174757282
Norwell,2024,1,Curbside,3702.0,3595.0,3595.0,2603.85,1189.26,1,1448.5952712100138,0.9710967044840627
Oak Bluffs,2024,1,Both,4555.0,3416.0,1999.0,711.0,,0,416.27634660421546,0.7499451152579583
Orange,2024,1,Drop-off,2813.0,1222.0,1222.0,428.49,,0,701.2929623567921,0.43441166014930677
Orleans,2024,0,Drop-off,5187.0,3850.0,3850.0,1398.0,0.0,0,726.2337662337662,0.7422402159244265
Otis,2024,0,Drop-off,1622.0,1161.0,1161.0,575.88,,0,992.0413436692506,0.7157829839704068
Paxton,2024,0,Curbside,1610.0,1610.0,1610.0,1417.54,0.0,0,1760.9192546583852,1.0
Peabody,2024,0,Curbside,18817.0,14083.0,14083.0,15079.35,,1,2141.496840161897,0.7484189828346708
Pembroke,2024,0,Curbside,6953.0,6858.0,6858.0,5847.72,1424.56,1,1705.3718285214347,0.9863368330217173
Peru,2024,1,Drop-off,380.0,235.0,235.0,168.28,,0,1432.1702127659576,0.618421052631579
Petersham,2024,1,Drop-off,511.0,299.0,299.0,203.3,,1,1359.8662207357859,0.5851272015655578
Phillipston,2024,1,Drop-off,827.0,412.0,412.0,181.68,,0,881.9417475728155,0.49818621523579204
Pittsfield,2024,1,Both,19315.0,17238.0,17238.0,14879.0,0.0,1,1726.3023552616312,0.8924669945638105
Plainfield,2024,1,Drop-off,308.0,196.0,196.0,73.25,,0,747.4489795918367,0.6363636363636364
Plainville,2024,1,Curbside,4084.0,2162.0,2162.0,1408.0,693.0,0,1302.4976873265496,0.529382957884427
Plympton,2024,1,Drop-off,1200.0,738.0,738.0,335.33,52.48,0,908.7533875338753,0.615
Provincetown,2024,0,Both,2294.0,2294.0,2294.0,2828.0,1249.0,0,2465.5623365300785,1.0
Quincy,2024,0,Curbside,35000.0,35000.0,35000.0,28880.0,4467.0,0,1650.2857142857142,1.0
Randolph,2024,0,Curbside,12247.0,9570.0,9570.0,10856.0,2077.0,1,2268.756530825496,0.7814158569445578
Raynham,2024,1,Drop-off,4468.0,1559.0,1892.0,690.33,,0,885.6061577934573,0.34892569382273947
Reading,2024,0,Curbside,9577.0,8895.0,8895.0,6843.46,2434.68,1,1538.7206295671726,0.9287877205805576
Revere,2024,0,Curbside,25000.0,21000.0,21000.0,17583.07,3619.07,1,1674.5780952380953,0.84
Richmond,2024,0,Curbside,818.0,818.0,818.0,445.0,104.46,0,1088.0195599022004,1.0
Rochester,2024,0,Both,2077.0,2077.0,2077.0,1848.0,386.4,1,1779.489648531536,1.0
Rockland,2024,0,Curbside,5468.0,5078.0,5078.0,4389.44,1307.89,0,1728.8066167782592,0.9286759326993417
Rockport,2024,1,Drop-off,4936.0,3053.0,3053.0,1841.03,0.0,1,1206.046511627907,0.618517017828201
Rowe,2024,1,Drop-off,215.0,193.0,193.0,93.14,,0,965.1813471502591,0.8976744186046511
Royalston,2024,1,Drop-off,585.0,330.0,330.0,152.33,,0,923.2121212121212,0.5641025641025641
Russell,2024,1,Drop-off,565.0,435.0,435.0,240.09,,0,1103.8620689655172,0.7699115044247787
Salem,2024,0,Curbside,19950.0,17150.0,17150.0,11600.44,3517.0,1,1352.8209912536443,0.8596491228070176
Sandisfield,2024,0,Drop-off,595.0,450.0,450.0,212.26,,0,943.3777777777777,0.7563025210084033
Sandwich,2024,1,Drop-off,8500.0,4920.0,4920.0,2414.0,,0,981.30081300813,0.5788235294117647
Saugus,2024,0,Curbside,10698.0,8778.0,8808.0,8741.75,2183.98,0,1991.7407154249258,0.820527201346046
Savoy,2024,1,Drop-off,300.0,205.0,205.0,96.02,,0,936.780487804878,0.6833333333333333
Scituate,2024,1,Drop-off,8050.0,5640.0,5640.0,3165.0,,0,1122.340425531915,0.7006211180124223
Seekonk,2024,1,Curbside,5361.0,5276.0,5276.0,3415.11,1735.72,1,1294.5830174374526,0.9841447491139713
Sharon,2024,0,Curbside,6721.0,5491.0,5491.0,4306.96,1936.35,0,1568.7342924786014,0.8169915191191787
Sheffield,2024,0,Drop-off,1738.0,898.0,911.0,547.22,,0,1218.7527839643653,0.5166858457997698
Shelburne,2024,1,Drop-off,792.0,600.0,600.0,217.91,,0,726.3666666666667,0.7575757575757576
Sherborn,2024,0,Drop-off,1504.0,1504.0,1504.0,1535.14,,1,2041.409574468085,1.0
Shirley,2024,0,Curbside,2729.0,1671.0,1671.0,1459.74,418.15,0,1747.145421903052,0.6123122022718944
Shrewsbury,2024,1,Curbside,13153.0,10736.0,10736.0,5590.67,1455.35,1,1041.480998509687,0.8162396411465065
Shutesbury,2024,1,Curbside,881.0,881.0,881.0,332.5,0.0,0,754.8240635641316,1.0
Somerset,2024,1,Curbside,7394.0,6900.0,6900.0,3578.69,2155.59,0,1037.3014492753623,0.9331890722207195
Somerville,2024,0,Curbside,28000.0,26250.0,26250.0,16247.76,6184.89,1,1237.9245714285714,0.9375
South Hadley,2024,1,Both,7244.0,6951.0,6951.0,2958.81,,0,851.3336210617177,0.9595527332965212
Southampton,2024,1,Drop-off,2334.0,966.0,966.0,502.23,0.0,0,1039.8136645962734,0.4138817480719794
Southborough,2024,0,Drop-off,3638.0,2385.0,2385.0,2298.63,,1,1927.572327044025,0.6555799890049477
Southbridge,2024,0,Curbside,7703.0,5419.0,5419.0,3659.42,1017.88,0,1350.588669496217,0.7034921459171751
Southwick,2024,0,Drop-off,3610.0,2179.0,2205.0,1941.0,,0,1781.551170261588,0.603601108033241
Spencer,2024,1,Drop-off,3850.0,1591.0,1591.0,1008.0,261.94,1,1267.127592708988,0.41324675324675325
Springfield,2024,0,Curbside,60000.0,39121.0,39121.0,44913.2,7153.33,0,2296.1171749188416,0.6520166666666667
Sterling,2024,0,Curbside,3000.0,2893.0,2893.0,2191.72,832.95,0,1515.188385758728,0.9643333333333334
Stockbridge,2024,0,Drop-off,2000.0,1500.0,1500.0,483.4,,0,644.5333333333333,0.75
Stoneham,2024,0,Curbside,11493.0,5900.0,5900.0,5860.9,1806.9,1,1986.7457627118645,0.5133559557991821
Stoughton,2024,0,Curbside,8874.0,7218.0,7218.0,7902.33,895.84,0,2189.617622610141,0.8133874239350912
Sturbridge,2024,1,Drop-off,4135.0,2000.0,2000.0,203.0,,0,203.0,0.4836759371221282
Sutton,2024,1,Drop-off,3500.0,1150.0,1150.0,432.72,0.0,1,752.5565217391304,0.32857142857142857
Swampscott,2024,1,Curbside,6275.0,5073.0,5073.0,3277.91,1520.74,1,1292.2964715158682,0.8084462151394423
Swansea,2024,1,Curbside,6529.0,6145.0,6145.0,3275.5,1805.5,0,1066.0699755899104,0.9411854801654158
Taunton,2024,1,Curbside,20948.0,18465.0,20824.0,14892.75,5778.17,1,1613.0787977254265,0.8814683979377507
Tewksbury,2024,0,Curbside,10147.0,10147.0,10147.0,9244.21,2856.71,1,1822.0577510594264,1.0
Tolland,2024,0,Drop-off,534.0,360.0,360.0,98.14,0.0,0,545.2222222222222,0.6741573033707865
Topsfield,2024,1,Curbside,2220.0,2220.0,2220.0,1790.51,,1,1613.0720720720722,1.0
Townsend,2024,1,Curbside,3332.0,3080.0,3080.0,2071.0,821.0,0,1344.8051948051948,0.9243697478991597
Tyngsborough,2024,0,Curbside,4788.0,3926.0,3926.0,2914.0,823.0,1,1484.4625573102394,0.8199665831244779
Upton,2024,1,Curbside,3068.0,2600.0,2600.0,1449.33,703.86,0,1114.8692307692309,0.847457627118644
Wakefield,2024,0,Curbside,8666.0,8566.0,8566.0,6845.44,2137.82,1,1598.2815783329443,0.9884606508192938
Walpole,2024,0,Curbside,8825.0,7351.0,7351.0,7662.79,1589.38,1,2084.829274928581,0.8329745042492918
Waltham,2024,0,Curbside,27122.0,18578.0,19712.0,17168.51,4355.52,1,1848.2624609753473,0.6849789838507485
Wareham,2024,1,Both,11601.0,7476.0,7476.0,6942.3,1792.48,0,1857.223113964687,0.6444272045513317
Warren,2024,1,Drop-off,2286.0,1001.0,1001.0,558.0,,0,1114.885114885115,0.4378827646544182
Warwick,2024,1,Drop-off,374.0,323.0,323.0,74.97,,0,464.2105263157895,0.8636363636363636
Washington,2024,0,Drop-off,260.0,260.0,260.0,136.0,,0,1046.1538461538462,1.0
Watertown,2024,0,Curbside,13500.0,10050.0,10050.0,8403.82,2396.23,1,1672.4019900497512,0.7444444444444445
Wellesley,2024,0,Drop-off,9126.0,9126.0,9126.0,4876.0,0.0,1,1068.5952224413763,1.0
Wellfleet,2024,1,Drop-off,3669.0,3669.0,3669.0,820.99,0.0,0,447.52793676751156,1.0
Wendell,2024,1,Drop-off,367.0,298.0,298.0,127.22,,0,853.8255033557047,0.8119891008174387
Wenham,2024,1,Curbside,1268.0,1187.0,1187.0,917.0,379.0,1,1545.0716090985677,0.9361198738170347
West Boylston,2024,1,Curbside,2802.0,2472.0,2472.0,1993.75,0.0,0,1613.0663430420711,0.8822269807280514
West Bridgewater,2024,0,Drop-off,3378.0,1801.0,1801.0,1777.89,326.16,0,1974.3364797334814,0.5331557134399053
West Springfield,2024,0,Curbside,12500.0,8860.0,8860.0,6950.73,1783.74,1,1569.0135440180586,0.7088
West Tisbury,2024,1,Drop-off,1875.0,950.0,950.0,233.62,184.0,0,491.8315789473684,0.5066666666666667
Westborough,2024,0,Drop-off,7980.0,4460.0,7980.0,4212.19,1400.0,0,1888.8744394618834,0.5588972431077694
Westfield,2024,0,Both,15673.0,15673.0,15673.0,11102.28,2923.56,1,1416.7396158999554,1.0
Westford,2024,0,Curbside,9520.0,8019.0,8063.0,6284.18,1939.44,1,1567.3226088040904,0.8423319327731092
Westhampton,2024,1,Drop-off,695.0,381.0,381.0,168.7,,0,885.5643044619422,0.5482014388489208
Weston,2024,1,Drop-off,3600.0,1873.0,1873.0,614.0,0.0,1,655.6326748531767,0.5202777777777777
Westwood,2024,0,Curbside,5381.0,5093.0,5093.0,3982.12,1480.28,0,1563.7620263106223,0.9464783497491173
Weymouth,2024,0,Curbside,20188.0,17694.0,17694.0,14679.0,4249.0,0,1659.206510681587,0.8764612641172974
Whately,2024,1,Drop-off,649.0,475.0,475.0,144.92,,0,610.1894736842105,0.7318952234206472
Whitman,2024,0,Curbside,5348.0,4707.0,4707.0,3749.1,1228.15,0,1592.989165073295,0.8801421091997008
Williamsburg,2024,0,Drop-off,1147.0,914.0,914.0,421.69,,0,922.7352297592997,0.7968613775065388
Williamstown,2024,1,Drop-off,2252.0,1048.0,1048.0,294.95,,0,562.8816793893129,0.46536412078152756
Wilmington,2024,0,Curbside,7248.0,7248.0,7248.0,6742.0,2241.0,1,1860.3752759381898,1.0
Winchester,2024,0,Drop-off,8054.0,5027.0,5027.0,4609.0,1358.0,1,1833.6980306345733,0.6241619071268935
Windsor,2024,1,Drop-off,400.0,206.0,206.0,123.88,,0,1202.7184466019417,0.515
Winthrop,2024,0,Curbside,8252.0,5790.0,5790.0,4960.37,1402.7,1,1713.426597582038,0.7016480853126514
Woburn,2024,0,Curbside,11970.0,11837.0,11837.0,12719.04,2160.06,1,2149.031004477486,0.9888888888888889
Worcester,2024,1,Curbside,78977.0,60000.0,78977.0,25613.33,9911.31,1,853.7776666666666,0.7597148536915811
Worthington,2024,1,Drop-off,533.0,308.0,308.0,173.78,,0,1128.4415584415585,0.5778611632270169
Wrentham,2024,1,Curbside,4583.0,3696.0,3997.0,3112.54,1213.55,0,1684.2748917748918,0.8064586515382937
Yarmouth,2024,0,Drop-off,15453.0,8864.0,9519.0,8134.0,0.0,0,1835.28880866426,0.5736103022066913
Abington,2025,0,Curbside,5627.0,4619.0,4619.0,4203.99,1449.14,1,1820.3030959082053,0.8208636929091878
Acton,2025,1,Drop-off,10859.0,4399.0,4828.0,1874.59,,1,852.2800636508298,0.4051017589096602
Agawam,2025,0,Curbside,12343.0,8944.0,8944.0,6750.0,1827.0,0,1509.391771019678,0.7246212428096896
Alford,2025,0,Drop-off,325.0,325.0,325.0,131.55,,0,809.5384615384615,1.0
Amesbury,2025,0,Curbside,7914.0,7500.0,7500.0,4422.93,1426.72,0,1179.448,0.9476876421531463
Andover,2025,0,Curbside,13266.0,10028.0,10159.0,9764.34,2587.68,1,1947.4152373354607,0.7559173827830544
Aquinnah,2025,1,Drop-off,439.0,250.0,250.0,99.99,62.32,0,799.92,0.5694760820045558
Arlington,2025,0,Curbside,20311.0,20311.0,20311.0,10435.0,4369.0,1,1027.5220323962385,1.0
Ashfield,2025,1,Drop-off,717.0,516.0,516.0,279.25,,0,1082.3643410852712,0.7196652719665272
Ashland,2025,1,Curbside,6350.0,5728.0,5728.0,2780.99,1632.72,1,971.016061452514,0.9020472440944882
Attleboro,2025,1,Curbside,16092.0,14612.0,14612.0,9411.8,4144.45,1,1288.2288529975363,0.9080288342033308
Auburn,2025,0,Curbside,8362.0,5224.0,5224.0,4312.64,1342.7,1,1651.0872894333843,0.6247309256158814
Avon,2025,0,Curbside,1700.0,1622.0,1690.0,1861.39,520.05,0,2295.17879161529,0.9541176470588235
Ayer,2025,1,Drop-off,3609.0,1202.0,1202.0,527.72,211.95,1,878.0698835274543,0.33305624826821834
Barnstable,2025,0,Drop-off,25541.0,8742.0,8742.0,7608.16,,0,1740.5994051704415,0.3422732077835637
Barre,2025,1,Drop-off,2181.0,949.0,949.0,618.28,,0,1303.013698630137,0.4351215038972948
Becket,2025,1,Drop-off,1752.0,1752.0,1752.0,336.97,,0,384.6689497716895,1.0
Bedford,2025,0,Curbside,5883.0,4773.0,4773.0,2818.68,1175.76,1,1181.0936517913262,0.8113207547169812
Belmont,2025,0,Curbside,10358.0,9930.0,9930.0,5869.01,2121.89,1,1182.0765357502517,0.9586792817146167
Berkley,2025,1,Drop-off,2865.0,1189.0,1189.0,613.72,,1,1032.3296888141294,0.4150087260034904
Berlin,2025,0,Drop-off,1427.0,636.0,636.0,514.0,0.0,1,1616.3522012578617,0.4456902592852137
Bernardston,2025,1,Drop-off,866.0,700.0,700.0,320.6,,0,916.0,0.8083140877598153
Beverly,2025,0,Curbside,18200.0,13200.0,13200.0,10315.25,2620.64,1,1562.9166666666667,0.7252747252747253
Billerica,2025,0,Curbside,15473.0,13831.0,13831.0,12695.0,3815.0,1,1835.7313281758368,0.8938796613455697
Blackstone,2025,1,Curbside,3835.0,3520.0,3520.0,2691.0,620.51,0,1528.9772727272727,0.9178617992177314
Bolton,2025,1,Drop-off,2031.0,1020.0,2031.0,460.5,40.0,0,902.9411764705883,0.5022156573116692
Boston,2025,0,Curbside,322000.0,273445.0,273445.0,166853.0,35082.0,1,1220.377041086873,0.8492080745341615
Bourne,2025,0,Both,8215.0,8215.0,8215.0,6050.0,2024.0,0,1472.915398660986,1.0
Boxborough,2025,0,Drop-off,2531.0,1128.0,1128.0,682.0,292.03,0,1209.2198581560283,0.4456736467799289
Boxford,2025,0,Curbside,2864.0,2400.0,2400.0,2104.0,865.0,0,1753.3333333333333,0.8379888268156425
Braintree,2025,0,Both,12530.0,10695.0,10695.0,10863.0,2623.0,1,2031.4165497896213,0.8535514764565044
Brewster,2025,1,Drop-off,7390.0,3850.0,3850.0,1100.67,0.0,0,571.7766233766233,0.5209742895805142
Brockton,2025,1,Curbside,30959.0,26610.0,26610.0,26610.0,7451.0,1,2000.0,0.8595238864304403
Brookfield,2025,1,Drop-off,1199.0,734.0,734.0,400.0,177.0,1,1089.9182561307903,0.6121768140116765
Brookline,2025,1,Curbside,27742.0,13540.0,13540.0,8013.99,4141.1,1,1183.7503692762186,0.4880686323985293
Buckland,2025,1,Drop-off,795.0,575.0,575.0,203.86,,0,709.0782608695653,0.7232704402515723
Burlington,2025,0,Curbside,7250.0,7068.0,7068.0,5491.92,2008.79,0,1554.0237691001698,0.9748965517241379
Cambridge,2025,0,Curbside,58000.0,32771.0,48500.0,12495.0,8128.0,1,762.5644624820726,0.5650172413793103
Canton,2025,0,Both,8764.0,7580.0,7580.0,5495.0,1056.4,1,1449.868073878628,0.8649018712916476
Carlisle,2025,0,Drop-off,1951.0,1951.0,1951.0,1516.53,,1,1554.6181445412608,1.0
Charlemont,2025,1,Drop-off,527.0,460.0,460.0,157.52,,0,684.8695652173913,0.872865275142315
Chelmsford,2025,0,Curbside,14158.0,12530.0,12530.0,10531.05,3101.77,1,1680.9337589784518,0.8850120073456703
Cheshire,2025,1,Drop-off,1358.0,610.0,610.0,346.02,,0,1134.4918032786886,0.4491899852724595
Chester,2025,1,Drop-off,664.0,208.0,208.0,53.37,17.31,0,513.1730769230769,0.3132530120481928
Chesterfield,2025,1,Drop-off,554.0,267.0,267.0,134.82,,0,1009.8876404494382,0.48194945848375453
Chicopee,2025,1,Curbside,24363.0,18968.0,18968.0,11789.29,3895.07,0,1243.0714888232812,0.7785576488938144
Clinton,2025,1,Curbside,4650.0,4287.0,4287.0,2301.54,985.77,0,1073.7298810356892,0.9219354838709677
Cohasset,2025,1,Drop-off,3383.0,3029.0,3383.0,1300.0,0.0,0,858.3690987124463,0.8953591486845994
Colrain,2025,1,Drop-off,729.0,600.0,600.0,229.11,,0,763.7,0.823045267489712
Concord,2025,1,Curbside,5641.0,3842.0,3904.0,2128.02,1454.03,0,1107.7667881311818,0.6810849140223365
Conway,2025,1,Drop-off,696.0,650.0,650.0,302.23,,0,929.9384615384615,0.9339080459770115
Cummington,2025,1,Drop-off,423.0,327.0,327.0,108.0,,0,660.5504587155963,0.7730496453900709
Danvers,2025,0,Both,15000.0,8083.0,8083.0,5869.0,2000.0,1,1452.183595199802,0.5388666666666667
Dartmouth,2025,1,Both,12200.0,10456.0,10456.0,5749.19,51.43,0,1099.6920428462126,0.8570491803278688
Dedham,2025,0,Curbside,8800.0,8595.0,8595.0,6242.81,2114.81,0,1452.6608493310064,0.9767045454545454
Deerfield,2025,1,Drop-off,1965.0,1275.0,1275.0,452.8,,0,710.2745098039215,0.648854961832061
Dennis,2025,0,Drop-off,14543.0,7577.0,7577.0,3566.0,,0,941.2696317803881,0.5210066698755415
Dighton,2025,1,Curbside,2988.0,2888.0,2888.0,1757.18,652.02,0,1216.8836565096954,0.9665327978580991
Douglas,2025,0,Drop-off,3006.0,1221.0,1208.0,981.0,0.0,0,1606.8796068796069,0.406187624750499
Dover,2025,0,Drop-off,2137.0,2137.0,2137.0,1167.6,,0,1092.7468413664014,1.0
Dunstable,2025,0,Curbside,1121.0,509.0,509.0,270.43,141.35,0,1062.5933202357564,0.45405887600356826
Duxbury,2025,1,Drop-off,6418.0,5357.0,5357.0,2012.92,0.0,0,751.5101736046295,0.8346837020878779
East Bridgewater,2025,0,Both,5461.0,3160.0,3195.0,3250.19,899.57,1,2057.0822784810125,0.5786485991576634
East Brookfield,2025,1,Both,985.0,895.0,895.0,537.0,127.0,1,1200.0,0.9086294416243654
East Longmeadow,2025,1,Curbside,6138.0,5725.0,5725.0,3815.68,,0,1332.9886462882096,0.932714239165852
Eastham,2025,0,Drop-off,5732.0,4039.0,4039.0,2081.49,,0,1030.6957167615744,0.7046406140963015
Edgartown,2025,1,Drop-off,4459.0,2500.0,2500.0,1452.0,412.0,0,1161.6,0.5606638259699485
Egremont,2025,0,Drop-off,846.0,846.0,846.0,335.38,,0,792.8605200945626,1.0
Erving,2025,0,Curbside,675.0,675.0,675.0,354.75,,0,1051.111111111111,1.0
Fairhaven,2025,0,Curbside,7091.0,6784.0,7091.0,4854.0,1445.0,0,1431.0141509433963,0.956705683260471
Fall River,2025,0,Curbside,35536.0,33636.0,33636.0,28727.82,6713.45,1,1708.1591152336782,0.9465330932012607
Falmouth,2025,0,Both,30000.0,21500.0,21500.0,10538.74,3345.92,0,980.3479069767442,0.7166666666666667
Fitchburg,2025,0,Both,14859.0,13550.0,13550.0,11313.42,2968.92,0,1669.8774907749078,0.911905242613904
Florida,2025,0,Drop-off,350.0,226.0,226.0,207.75,,0,1838.495575221239,0.6457142857142857
Framingham,2025,0,Both,27810.0,18404.0,18404.0,18018.0,4638.0,1,1958.0525972614648,0.6617763394462424
Franklin,2025,0,Curbside,10176.0,9804.0,9804.0,7222.5,2502.11,0,1473.3782129742963,0.9634433962264151
Gardner,2025,1,Both,8872.0,6763.0,6763.0,4806.0,1385.34,0,1421.2627532160284,0.7622858431018936
Gill,2025,1,Curbside,561.0,561.0,561.0,171.45,,0,611.2299465240642,1.0
Gloucester,2025,1,Curbside,14950.0,13750.0,13750.0,6711.59,3003.0,1,976.2312727272728,0.919732441471572
Goshen,2025,1,Drop-off,559.0,258.0,258.0,112.3,,0,870.5426356589147,0.46153846153846156
Grafton,2025,1,Curbside,6341.0,5062.0,5062.0,3759.01,1647.98,1,1485.1876728565785,0.7982967986122063
Granville,2025,1,Drop-off,590.0,390.0,390.0,119.73,,1,614.0,0.6610169491525424
Greenfield,2025,1,Both,5265.0,5048.0,5048.0,3531.36,659.36,1,1399.1125198098257,0.9587844254510921
Groton,2025,1,Drop-off,4028.0,1436.0,1604.0,704.0,,0,980.5013927576601,0.35650446871896724
Groveland,2025,0,Curbside,2618.0,2210.0,2210.0,1828.85,593.37,1,1655.0678733031675,0.8441558441558441
Halifax,2025,0,Curbside,3026.0,1149.0,1560.0,902.21,243.47,0,1570.426457789382,0.37970918704560475
Hamilton,2025,1,Curbside,2692.0,2692.0,2692.0,1207.1,1071.7,1,896.8053491827637,1.0
Hancock,2025,0,Drop-off,315.0,275.0,275.0,206.02,,0,1498.3272727272727,0.873015873015873
Hanover,2025,0,Drop-off,5400.0,5400.0,5400.0,3853.0,,0,1427.037037037037,1.0
Hanson,2025,1,Drop-off,3800.0,1556.0,1556.0,682.8,247.8,1,877.6349614395887,0.4094736842105263
Harvard,2025,1,Drop-off,2000.0,1167.0,1167.0,710.78,,1,1218.1319622964868,0.5835
Harwich,2025,0,Drop-off,9541.0,5390.0,5390.0,4539.0,,0,1684.2300556586272,0.5649303008070433
Haverhill,2025,0,Curbside,24302.0,23038.0,24302.0,21116.93,4165.69,1,1833.225974476951,0.9479878199325158
Heath,2025,1,Drop-off,381.0,337.0,337.0,106.85,,0,634.1246290801187,0.884514435695538
Hingham,2025,0,Drop-off,8823.0,8823.0,8823.0,4839.0,,0,1096.905814348861,1.0
Hinsdale,2025,1,Drop-off,742.0,413.0,413.0,254.55,,0,1232.687651331719,0.5566037735849056
Holden,2025,0,Curbside,6874.0,6239.0,6239.0,5225.0,1700.0,0,1674.9479083186409,0.9076229269711958
Holliston,2025,1,Curbside,5247.0,4623.0,4623.0,3460.89,1658.55,1,1497.24853990915,0.8810748999428245
Holyoke,2025,0,Both,15618.0,9425.0,9425.0,7537.0,,0,1599.3633952254643,0.6034703547189141
Hopkinton,2025,0,Curbside,6674.0,5200.0,5200.0,4317.0,1351.0,1,1660.3846153846155,0.7791429427629607
Hudson,2025,1,Both,8362.0,3128.0,3128.0,1654.0,0.0,0,1057.544757033248,0.37407318823248026
Huntington,2025,1,Drop-off,954.0,376.0,376.0,263.28,,0,1400.4255319148936,0.3941299790356394
Ipswich,2025,1,Curbside,6602.0,5098.0,5108.0,2689.91,1281.51,1,1055.280502157709,0.7721902453801878
Kingston,2025,0,Drop-off,5030.0,3850.0,3910.0,2777.0,,0,1442.5974025974026,0.7654075546719682
Lakeville,2025,1,Drop-off,5568.0,1680.0,1680.0,525.8,,0,625.952380952381,0.3017241379310345
Lawrence,2025,1,Curbside,35297.0,26132.0,26132.0,33000.0,4100.0,1,2525.639063217511,0.7403462050599201
Leominster,2025,0,Both,14935.0,11571.0,11571.0,9510.74,2945.0,0,1643.8924898453029,0.7747572815533981
Leverett,2025,1,Drop-off,764.0,551.0,551.0,143.88,,0,522.2504537205082,0.7212041884816754
Lexington,2025,0,Curbside,11861.0,11272.0,11647.0,7782.0,3347.0,1,1380.7665010645849,0.9503414551892758
Lincoln,2025,0,Drop-off,1951.0,1951.0,1951.0,634.69,282.94,1,650.6304459251666,1.0
Littleton,2025,1,Drop-off,3754.0,1792.0,1792.0,729.69,,0,814.3861607142857,0.4773574853489611
Longmeadow,2025,1,Curbside,5684.0,5542.0,5542.0,3318.31,,0,1197.51353302057,0.9750175932441942
Lowell,2025,0,Curbside,35981.0,35981.0,35981.0,24837.11,6046.9,1,1380.5680775965093,1.0
Ludlow,2025,0,Both,7271.0,7198.0,7198.0,4956.0,810.0,0,1377.049180327869,0.9899601155274378
Lunenburg,2025,1,Curbside,4660.0,4060.0,4660.0,1787.34,845.97,0,880.4630541871921,0.871244635193133
Lynn,2025,0,Curbside,33122.0,27000.0,27000.0,31490.52,7452.69,0,2332.6311111111113,0.8151681661735403
Lynnfield,2025,0,Curbside,4423.0,4423.0,4423.0,4003.86,877.44,1,1810.4725299570428,1.0
Malden,2025,1,Curbside,25000.0,17100.0,17100.0,11256.79,3474.0,1,1316.583625730994,0.684
Manchester,2025,1,Both,2274.0,2274.0,2274.0,963.86,585.03,1,847.7220756376429,1.0
Mansfield,2025,0,Curbside,7800.0,7204.0,7204.0,5220.0,1920.0,0,1449.1948917268185,0.9235897435897436
Marblehead,2025,0,Both,8000.0,8000.0,8000.0,4000.0,2337.2,0,1000.0,1.0
Marion,2025,0,Both,2788.0,2788.0,2788.0,1973.61,546.46,0,1415.7890961262553,1.0
Marlborough,2025,0,Both,12000.0,12000.0,12000.0,9874.0,2697.0,0,1645.6666666666667,1.0
Marshfield,2025,1,Both,9625.0,9578.0,9578.0,6159.03,2710.3,1,1286.0785132595531,0.9951168831168831
Mashpee,2025,0,Drop-off,10257.0,4208.0,4725.0,3539.21,0.0,1,1682.1340304182509,0.41025641025641024
Mattapoisett,2025,0,Both,4327.0,4327.0,4327.0,2124.26,816.21,0,981.86272244049,1.0
Maynard,2025,1,Curbside,5496.0,4500.0,4500.0,1883.14,939.38,0,836.9511111111111,0.8187772925764192
Medfield,2025,0,Drop-off,4484.0,3385.0,3385.0,2358.0,720.21,1,1393.205317577548,0.7549063336306869
Medford,2025,0,Curbside,24486.0,20500.0,20500.0,14318.0,4827.0,0,1396.878048780488,0.8372131013640448
Medway,2025,1,Both,5220.0,4267.0,4267.0,3057.19,1378.85,1,1432.945863604406,0.8174329501915709
Melrose,2025,0,Curbside,9522.0,8936.0,8936.0,6178.27,2249.2,1,1382.7820053715309,0.9384583070783449
Merrimac,2025,1,Curbside,3543.0,1250.0,1974.0,611.86,582.99,1,978.976,0.3528083545018346
Methuen,2025,0,Both,18691.0,15000.0,15000.0,14709.0,3660.0,0,1961.2,0.8025252795463057
Middleborough,2025,0,Both,7612.0,6720.0,6720.0,6133.29,1796.02,1,1825.3839285714287,0.882816605359958
Middlefield,2025,0,Drop-off,278.0,204.0,204.0,124.57,,0,1221.2745098039215,0.7338129496402878
Milford,2025,0,Curbside,13000.0,10500.0,10500.0,11031.0,2278.0,1,2101.1428571428573,0.8076923076923077
Millbury,2025,0,Drop-off,5400.0,3781.0,3781.0,1830.46,735.34,1,968.2412060301508,0.7001851851851851
Milton,2025,1,Curbside,9555.0,8937.0,9395.0,6507.54,3253.43,1,1456.3141993957704,0.9353218210361067
Monroe,2025,0,Curbside,72.0,72.0,72.0,47.06,0.87,0,1307.2222222222222,1.0
Monson,2025,0,Curbside,3953.0,3016.0,3016.0,2339.98,506.91,0,1551.710875331565,0.7629648368327853
Montague,2025,1,Curbside,3431.0,2424.0,2424.0,1669.32,,0,1377.3267326732673,0.7064995628096765
Nantucket,2025,0,Drop-off,9036.0,9036.0,9036.0,7604.0,,0,1683.045595396193,1.0
Natick,2025,1,Curbside,15409.0,10740.0,10740.0,5776.87,3063.87,1,1075.7672253258845,0.6969952625089234
Needham,2025,1,Drop-off,14819.0,5500.0,5500.0,2493.0,321.0,0,906.5454545454545,0.37114515149470273
New Bedford,2025,0,Curbside,42977.0,38338.0,41600.0,28436.14,7801.11,1,1483.4441024570922,0.8920585429415734
New Marlborough,2025,0,Drop-off,1020.0,461.0,461.0,228.86,,0,992.8850325379609,0.4519607843137255
New Salem,2025,1,Drop-off,443.0,246.0,246.0,128.21,,0,1042.357723577236,0.5553047404063205
Newbury,2025,1,Drop-off,3096.0,2012.0,2370.0,771.08,,0,766.4811133200795,0.6498708010335917
Newburyport,2025,0,Curbside,9296.0,7834.0,7834.0,5217.35,1978.32,1,1331.9760020423794,0.8427280550774526
Newton,2025,0,Curbside,33320.0,28500.0,28500.0,16667.32,7431.0,1,1169.63649122807,0.8553421368547419
Norfolk,2025,1,Drop-off,3988.0,1378.0,1378.0,448.0,0.0,0,650.2177068214804,0.3455366098294885
North Andover,2025,0,Curbside,12000.0,8340.0,8340.0,8437.0,1894.0,1,2023.2613908872902,0.695
North Attleborough,2025,1,Both,10377.0,8978.0,8978.0,5609.19,2638.04,1,1249.54110046781,0.8651826153994411
North Brookfield,2025,1,Drop-off,2143.0,847.0,847.0,549.23,,1,1296.8831168831168,0.3952403173121792
Northborough,2025,1,Curbside,5301.0,5018.0,5018.0,2194.0,925.0,0,874.4519728975688,0.9466138464440672
Northfield,2025,1,Drop-off,1232.0,848.0,848.0,340.8,,0,803.7735849056604,0.6883116883116883
Norwell,2025,1,Curbside,3709.0,3597.0,3597.0,2641.94,1271.89,1,1468.9685849318878,0.9698031814505258
Norwood,2025,0,Curbside,12648.0,9731.0,9731.0,6324.66,3316.25,0,1299.8992909259068,0.769370651486401
Oak Bluffs,2025,1,Both,4557.0,3417.0,4557.0,488.0,0.0,0,285.63067017851915,0.749835418038183
Orange,2025,1,Drop-off,2856.0,1300.0,1300.0,467.9,,0,719.8461538461538,0.45518207282913165
Orleans,2025,0,Drop-off,5200.0,3294.0,3490.0,1525.0,0.0,0,925.925925925926,0.6334615384615384
Otis,2025,0,Drop-off,1622.0,1249.0,1249.0,559.07,,0,895.2281825460368,0.7700369913686806
Paxton,2025,0,Curbside,1610.0,1610.0,1610.0,1428.0,0.0,0,1773.9130434782608,1.0
Peabody,2025,0,Curbside,18850.0,14199.0,14116.0,15444.97,,1,2175.501091626171,0.753262599469496
Pembroke,2025,0,Curbside,6988.0,6583.0,6583.0,5010.77,1707.5,1,1522.3363208263709,0.9420435031482541
Pepperell,2025,1,Drop-off,4100.0,1500.0,1500.0,641.14,,0,854.8533333333334,0.36585365853658536
Peru,2025,1,Drop-off,380.0,249.0,249.0,175.98,,0,1413.4939759036145,0.6552631578947369
Petersham,2025,1,Drop-off,517.0,358.0,358.0,205.2,,1,1146.3687150837989,0.6924564796905223
Phillipston,2025,1,Drop-off,835.0,435.0,435.0,176.28,,0,810.4827586206897,0.5209580838323353
Pittsfield,2025,0,Both,19352.0,17238.0,17238.0,11268.0,,0,1307.3442394709364,0.8907606448945845
Plainfield,2025,1,Drop-off,308.0,213.0,213.0,69.45,,0,652.112676056338,0.6915584415584416
Plainville,2025,1,Curbside,4084.0,2084.0,2084.0,1488.0,710.0,0,1428.0230326295584,0.5102840352595495
Plympton,2025,1,Drop-off,1001.0,716.0,716.0,324.39,51.96,0,906.1173184357542,0.7152847152847153
Provincetown,2025,0,Both,2787.0,1674.0,1674.0,2109.0,1267.0,0,2519.7132616487456,0.6006458557588805
Quincy,2025,0,Curbside,29813.0,29813.0,29813.0,29210.0,4606.0,0,1959.5478482541173,1.0
Randolph,2025,0,Curbside,12264.0,9587.0,9587.0,10402.0,2127.0,1,2170.021904662564,0.7817188519243313
Raynham,2025,1,Drop-off,4532.0,1462.0,2003.0,774.86,,0,1060.0,0.32259488084730803
Reading,2025,0,Curbside,9607.0,8925.0,8925.0,7093.56,2410.07,1,1589.5932773109243,0.9290100968044135
Revere,2025,0,Curbside,25000.0,21000.0,21000.0,17818.08,3330.79,1,1696.96,0.84
Richmond,2025,0,Curbside,818.0,818.0,818.0,424.56,75.36,0,1038.044009779951,1.0
Rochester,2025,0,Both,2082.0,2082.0,2082.0,1761.81,401.0,1,1692.420749279539,1.0
Rockport,2025,1,Drop-off,4928.0,3136.0,3136.0,1653.0,,1,1054.2091836734694,0.6363636363636364
Rowe,2025,1,Drop-off,216.0,196.0,196.0,94.17,,0,960.9183673469388,0.9074074074074074
Royalston,2025,1,Drop-off,586.0,315.0,315.0,155.51,,0,987.3650793650794,0.537542662116041
Russell,2025,1,Drop-off,529.0,429.0,429.0,228.05,32.87,1,1063.1701631701633,0.8109640831758034
Salem,2025,0,Curbside,20267.0,14495.0,14495.0,10894.17,3343.79,1,1503.1624698171784,0.7152020525978191
Sandisfield,2025,0,Drop-off,595.0,450.0,450.0,215.45,,0,957.5555555555555,0.7563025210084033
Saugus,2025,0,Curbside,8787.0,7871.0,7871.0,8765.49,2204.6,0,2227.2875111167577,0.8957550927506543
Savoy,2025,1,Drop-off,300.0,205.0,205.0,102.27,,0,997.7560975609756,0.6833333333333333
Scituate,2025,1,Drop-off,8500.0,5555.0,5555.0,3145.0,,0,1132.3132313231324,0.6535294117647059
Seekonk,2025,1,Curbside,5408.0,5295.0,5295.0,3503.95,1663.62,1,1323.4938621340887,0.9791050295857988
Sharon,2025,0,Curbside,6562.0,5448.0,5448.0,4337.19,1873.25,0,1592.2136563876652,0.8302346845473941
Sheffield,2025,0,Drop-off,1680.0,901.0,915.0,518.44,,0,1150.8102108768037,0.5363095238095238
Shelburne,2025,1,Drop-off,775.0,714.0,714.0,197.58,,0,553.4453781512605,0.9212903225806451
Sherborn,2025,0,Drop-off,1507.0,1507.0,1507.0,1561.39,,1,2072.1831453218315,1.0
Shirley,2025,0,Curbside,2832.0,1680.0,1680.0,1361.18,443.85,0,1620.452380952381,0.5932203389830508
Shrewsbury,2025,1,Curbside,13265.0,10752.0,10752.0,5538.41,3234.65,1,1030.210193452381,0.8105540897097625
Shutesbury,2025,1,Curbside,884.0,884.0,884.0,329.61,,0,745.7239819004525,1.0
Somerset,2025,1,Curbside,7394.0,7176.0,7176.0,3611.31,2176.12,0,1006.4966555183946,0.9705166351095483
Somerville,2025,0,Curbside,28000.0,26250.0,26250.0,15869.71,6109.85,1,1209.1207619047618,0.9375
South Hadley,2025,1,Both,7253.0,6500.0,6500.0,3173.93,584.37,1,976.5938461538461,0.8961808906659313
Southampton,2025,1,Drop-off,2409.0,955.0,955.0,489.12,0.0,0,1024.3350785340315,0.39643005396430053
Southborough,2025,0,Drop-off,3680.0,2408.0,2408.0,2329.73,,1,1934.9916943521594,0.6543478260869565
Southwick,2025,0,Drop-off,3534.0,2087.0,2114.0,1867.03,,0,1789.1998083373262,0.5905489530277306
Spencer,2025,1,Drop-off,3865.0,1680.0,1680.0,1070.0,211.85,0,1273.8095238095239,0.4346701164294955
Springfield,2025,0,Curbside,45979.0,39285.0,39285.0,44555.3,7646.58,0,2268.3110602010947,0.8544117966897932
Sterling,2025,0,Curbside,3000.0,2901.0,2901.0,2227.53,734.17,0,1535.6980351602895,0.967
Stockbridge,2025,0,Drop-off,2000.0,1400.0,1400.0,446.7,,0,638.1428571428571,0.7
Stoneham,2025,0,Curbside,11495.0,5905.0,5900.0,5860.9,1775.5,1,1985.0635055038103,0.5137016093953893
Stoughton,2025,0,Curbside,9624.0,7228.0,7228.0,7713.56,970.66,0,2134.3552850027672,0.7510390689941812
Sutton,2025,1,Drop-off,3500.0,1150.0,1150.0,488.24,0.0,1,849.1130434782609,0.32857142857142857
Swampscott,2025,1,Curbside,6295.0,5093.0,5093.0,3262.25,1422.47,1,1281.0720596897702,0.809054805401112
Swansea,2025,1,Curbside,6559.0,6125.0,6125.0,3140.94,1953.94,0,1025.6130612244897,0.9338313767342583
Taunton,2025,1,Curbside,20939.0,18431.0,20910.0,14092.0,5308.0,1,1529.1628235038793,0.8802235063756626
Tewksbury,2025,0,Curbside,10166.0,10166.0,10166.0,8708.76,2756.87,1,1713.3110367892978,1.0
Tolland,2025,0,Drop-off,520.0,264.0,380.0,107.88,,0,817.2727272727273,0.5076923076923077
Topsfield,2025,1,Curbside,2345.0,2345.0,2345.0,1616.92,619.27,1,1379.0362473347548,1.0
Townsend,2025,1,Curbside,3502.0,2255.0,2255.0,1405.59,642.62,0,1246.6430155210644,0.643917761279269
Tyngsborough,2025,0,Curbside,4792.0,3930.0,3930.0,2911.36,865.65,1,1481.6081424936388,0.8201168614357263
Upton,2025,1,Curbside,3100.0,2700.0,2700.0,1537.88,718.77,0,1139.1703703703704,0.8709677419354839
Wakefield,2025,0,Curbside,8651.0,8581.0,8581.0,6603.77,1715.56,1,1539.160936953735,0.9919084498901861
Walpole,2025,0,Curbside,8837.0,7354.0,7354.0,7598.34,1429.72,1,2066.450911068806,0.8321828674889669
Waltham,2025,0,Curbside,27122.0,18578.0,19712.0,16711.2,4418.21,1,1799.0311120680374,0.6849789838507485
Wareham,2025,1,Both,13048.0,8745.0,8745.0,6650.81,1775.14,0,1521.05431675243,0.6702176578786021
Warren,2025,1,Drop-off,2218.0,1005.0,1005.0,564.62,0.0,0,1123.6218905472638,0.45311091073038773
Warwick,2025,1,Drop-off,370.0,323.0,323.0,70.73,,0,437.95665634674924,0.8729729729729729
Washington,2025,0,Drop-off,263.0,263.0,263.0,136.0,,0,1034.2205323193916,1.0
Watertown,2025,0,Curbside,13500.0,10050.0,10050.0,8152.06,2318.95,1,1622.300497512438,0.7444444444444445
Wellesley,2025,0,Drop-off,9123.0,9123.0,9123.0,4609.0,0.0,1,1010.413241258358,1.0
Wellfleet,2025,1,Drop-off,3669.0,3669.0,3669.0,801.4,,0,436.84927773235216,1.0
Wendell,2025,1,Drop-off,398.0,274.0,274.0,151.29,,0,1104.3065693430658,0.6884422110552764
Wenham,2025,1,Curbside,1289.0,1207.0,1207.0,963.8,406.7,1,1597.0173985086992,0.9363847944142746
West Boylston,2025,1,Curbside,2802.0,2476.0,2476.0,1524.1,0.0,0,1231.0985460420031,0.8836545324768023
West Bridgewater,2025,0,Drop-off,3300.0,1776.0,1776.0,1769.56,299.73,0,1992.7477477477478,0.5381818181818182
West Springfield,2025,0,Curbside,12600.0,8892.0,8892.0,7276.78,1792.53,1,1636.7026540710751,0.7057142857142857
West Tisbury,2025,1,Drop-off,1869.0,1100.0,1100.0,234.46,171.2,0,426.2909090909091,0.588550026752274
Westborough,2025,0,Drop-off,7980.0,3500.0,4460.0,1492.67,1432.38,1,852.9542857142857,0.43859649122807015
Westfield,2025,0,Both,15673.0,15673.0,15673.0,11057.41,2786.45,1,1411.0138454667263,1.0
Westford,2025,0,Curbside,9519.0,8018.0,8062.0,5796.68,2117.67,1,1445.9166874532302,0.8423153692614771
Westhampton,2025,1,Drop-off,695.0,374.0,374.0,173.73,,0,929.0374331550802,0.5381294964028777
Weston,2025,1,Drop-off,3600.0,1768.0,1768.0,595.0,,1,673.0769230769231,0.4911111111111111
Westwood,2025,0,Curbside,5381.0,5093.0,5093.0,3937.46,1423.11,0,1546.2242293343804,0.9464783497491173
Weymouth,2025,0,Curbside,20220.0,17731.0,17731.0,15621.0,4290.0,0,1761.9987592352377,0.8769040553907023
Whately,2025,1,Drop-off,650.0,475.0,475.0,133.76,,0,563.2,0.7307692307692307
Whitman,2025,0,Curbside,5343.0,4622.0,4622.0,3781.72,1349.08,0,1636.3998269147555,0.8650570840351862
Wilbraham,2025,1,Drop-off,5555.0,1726.0,1726.0,674.53,,1,781.6106604866744,0.3107110711071107
Williamsburg,2025,0,Drop-off,1147.0,915.0,915.0,410.15,,0,896.5027322404371,0.7977332170880558
Williamstown,2025,1,Drop-off,2252.0,1043.0,1043.0,282.07,,0,540.882070949185,0.46314387211367675
Wilmington,2025,0,Curbside,7256.0,7256.0,7256.0,6832.0,2168.0,1,1883.1312017640573,1.0
Winchester,2025,0,Drop-off,7975.0,5033.0,5031.0,4687.0,1339.06,1,1862.507450824558,0.6310971786833856
Windsor,2025,1,Drop-off,400.0,206.0,206.0,136.82,,0,1328.3495145631068,0.515
Winthrop,2025,0,Curbside,8252.0,5790.0,5790.0,4900.56,1402.76,1,1692.7668393782383,0.7016480853126514
Woburn,2025,0,Curbside,11994.0,11862.0,11862.0,10876.67,2345.51,0,1833.8678131849604,0.9889944972486243
Worcester,2025,1,Curbside,78984.0,55000.0,78984.0,26325.76,9642.62,0,957.3003636363636,0.6963435632533171
Worthington,2025,1,Drop-off,533.0,308.0,308.0,183.98,,0,1194.6753246753246,0.5778611632270169
Wrentham,2025,1,Curbside,4598.0,4110.0,4110.0,2938.29,1239.04,0,1429.8248175182482,0.8938668986515876
Yarmouth,2025,0,Drop-off,15449.0,8783.0,9423.0,8112.0,0.0,0,1847.2048275076852,0.5685157615379636
